{"authorDailyContributionsMap":{"Khrystya20":[],"Elina Semenko":[{"date":"2022-12-05","commitResults":[{"hash":"2726ead4f56c85edfff771e78f26151e3c3cbf82","messageTitle":"cv: structure + add cv","messageBody":"","fileTypesAndContributionMap":{"java":{"insertions":330,"deletions":0}}}]},{"date":"2022-12-06","commitResults":[{"hash":"2a38fb987d402faeeaa6c3ab653e2b1e0fa5167e","messageTitle":"cv: xml","messageBody":"","fileTypesAndContributionMap":{"xml":{"insertions":5,"deletions":0}}},{"hash":"cfeb226c302106c247fd229774bcb189a4aa84ab","messageTitle":"cv: get all + delete by id/name","messageBody":"","fileTypesAndContributionMap":{"java":{"insertions":204,"deletions":2}}}]},{"date":"2022-12-07","commitResults":[{"hash":"895da4772c4ef604c01abc5290b7c3950e38a52b","messageTitle":"cv: update cv + fix bugs + change open status","messageBody":"","fileTypesAndContributionMap":{"java":{"insertions":377,"deletions":13}}},{"hash":"66e6ebfd038fc6a3487c4982da7853f5163f43a5","messageTitle":"cv: fix bugs","messageBody":"","fileTypesAndContributionMap":{"java":{"insertions":4,"deletions":4}}},{"hash":"dc56d1005b2f00db62ad8ab5fc8a11bb76f34875","messageTitle":"cv: small bug fixes","messageBody":"","fileTypesAndContributionMap":{"java":{"insertions":7,"deletions":8}}}]},{"date":"2022-12-10","commitResults":[{"hash":"f0464463bded870bc1c612596783b9102a45d197","messageTitle":"CV: update cv competences manually + generate competences automatically","messageBody":"","fileTypesAndContributionMap":{"java":{"insertions":255,"deletions":5}}}]},{"date":"2022-12-12","commitResults":[{"hash":"c8c2f903c22ba2e46fc9729b5bad7004c75c6022","messageTitle":"cv: fix small typos","messageBody":"","fileTypesAndContributionMap":{"java":{"insertions":5,"deletions":2}}},{"hash":"b16502a32a9e6fd5a2307f2bd23b9574810a4cbe","messageTitle":"cv: add isHidden parmeter","messageBody":"","fileTypesAndContributionMap":{"java":{"insertions":39,"deletions":4}}}]},{"date":"2022-12-19","commitResults":[{"hash":"70a9461debe7979059b91db64ea24b67e44136a9","messageTitle":"cv: shown/hidden change","messageBody":"","fileTypesAndContributionMap":{"java":{"insertions":247,"deletions":105},"xml":{"insertions":124,"deletions":0}}}]}],"Victor":[{"date":"2022-11-25","commitResults":[{"hash":"b12cc962d0ea21027edb4dc2b6e9dec97c0e61a5","messageTitle":"First telegram communication implementation: echoing user messages","messageBody":"","fileTypesAndContributionMap":{"java":{"insertions":76,"deletions":6}}}]},{"date":"2022-11-27","commitResults":[{"hash":"ba7f14f57b1559171c191f435ea70ee26551d75d","messageTitle":"Define structure for command handling","messageBody":"","fileTypesAndContributionMap":{"java":{"insertions":394,"deletions":105},"xml":{"insertions":4,"deletions":0},"yml":{"insertions":3,"deletions":1}}}]},{"date":"2022-11-28","commitResults":[{"hash":"8e614033d20dc0448469de5ac5899b9b121be9a5","messageTitle":"MVP impementation of add job command","messageBody":"","fileTypesAndContributionMap":{"java":{"insertions":148,"deletions":39},"yml":{"insertions":1,"deletions":1}}}]},{"date":"2022-12-04","commitResults":[{"hash":"fe5808c285fec359551eea1db1d39b25a622e634","messageTitle":"Add /cancel and /deletejob commands","messageBody":"","fileTypesAndContributionMap":{"java":{"insertions":128,"deletions":100},"gitignore":{"insertions":1,"deletions":1},"xml":{"insertions":1,"deletions":0},"yml":{"insertions":2,"deletions":5}}}]},{"date":"2022-12-07","commitResults":[{"hash":"263866944f0deb050f93f5fbb8f86a8aa1ea9bc5","messageTitle":"Code formatting + cleanup","messageBody":"","fileTypesAndContributionMap":{"java":{"insertions":674,"deletions":702}}},{"hash":"01c9988e27aa6392c3963d3290237b8aed63ed0c","messageTitle":"TelegramBotRegisterer cleanup","messageBody":"","fileTypesAndContributionMap":{"java":{"insertions":0,"deletions":43}}}]},{"date":"2022-12-17","commitResults":[{"hash":"5b2f2fd9cce58a4e2a1e6c057160134824d8e078","messageTitle":"Rework package structure for commands and handlers","messageBody":"","fileTypesAndContributionMap":{"java":{"insertions":512,"deletions":476}}},{"hash":"a85aeb555cdf3dfdda3ecec23586e88e940a3f72","messageTitle":"Fix bug with duplicated entites after update actions","messageBody":"","fileTypesAndContributionMap":{"java":{"insertions":6,"deletions":0}}},{"hash":"1f68bfe2d06ed16c8e1dbf4cd6820d7e01d91b9a","messageTitle":"Rework all commands to common naming convention","messageBody":"","fileTypesAndContributionMap":{"java":{"insertions":139,"deletions":80}}},{"hash":"94e19245dc6a784a689bfedcd0bac89d930acad1","messageTitle":"Move UserRequest to web package","messageBody":"","fileTypesAndContributionMap":{"java":{"insertions":20,"deletions":17}}},{"hash":"b4b7757fc2efd995bb947579522833aae589c13b","messageTitle":"Rework web request handler to optional pipeline","messageBody":"","fileTypesAndContributionMap":{"java":{"insertions":29,"deletions":5}}},{"hash":"3675e2ca77ed4fecf4b339f89b19992e4a83146b","messageTitle":"Increase test coverage","messageBody":"","fileTypesAndContributionMap":{"java":{"insertions":579,"deletions":10}}}]}],"elina-semenko":[],"Khrystyna Boiko":[{"date":"2022-12-13","commitResults":[{"hash":"9606a883387adf4b0f6a1120a7c3ade6bb4669ce","messageTitle":"Add functionality to manage hiring status for org/dep","messageBody":"","fileTypesAndContributionMap":{"java":{"insertions":324,"deletions":2}}}]},{"date":"2022-12-20","commitResults":[{"hash":"28317d898a865a68ee47f96633897ffa477174da","messageTitle":"Add tests for cv, department mapper and service","messageBody":"","fileTypesAndContributionMap":{"java":{"insertions":270,"deletions":7}}}]}],"KrAxmalL":[]},"authorFileTypeContributionMap":{"Khrystya20":{},"Elina Semenko":{"xml":129,"java":946},"Victor":{"gitignore":1,"xml":5,"java":1935,"yml":4},"elina-semenko":{},"Khrystyna Boiko":{"java":430},"KrAxmalL":{}},"authorContributionVariance":{"Khrystya20":0.0,"Elina Semenko":18834.545,"Victor":192239.38,"elina-semenko":0.0,"Khrystyna Boiko":6279.1855,"KrAxmalL":0.0},"authorDisplayNameMap":{"Khrystya20":"Khrystya20","Elina Semenko":"Elina Semenko","Victor":"Victor","elina-semenko":"elina-semenko","Khrystyna Boiko":"Khrystyna Boiko","KrAxmalL":"KrAxmalL"}}
