{"authorDailyContributionsMap":{"Khrystya20":[],"Elina Semenko":[{"date":"2022-12-05","commitResults":[{"hash":"2726ead4f56c85edfff771e78f26151e3c3cbf82","messageTitle":"cv: structure + add cv","messageBody":"","fileTypesAndContributionMap":{"java":{"insertions":330,"deletions":0}}}]},{"date":"2022-12-06","commitResults":[{"hash":"2a38fb987d402faeeaa6c3ab653e2b1e0fa5167e","messageTitle":"cv: xml","messageBody":"","fileTypesAndContributionMap":{"xml":{"insertions":5,"deletions":0}}},{"hash":"cfeb226c302106c247fd229774bcb189a4aa84ab","messageTitle":"cv: get all + delete by id/name","messageBody":"","fileTypesAndContributionMap":{"java":{"insertions":204,"deletions":2}}}]},{"date":"2022-12-07","commitResults":[{"hash":"895da4772c4ef604c01abc5290b7c3950e38a52b","messageTitle":"cv: update cv + fix bugs + change open status","messageBody":"","fileTypesAndContributionMap":{"java":{"insertions":377,"deletions":13}}},{"hash":"66e6ebfd038fc6a3487c4982da7853f5163f43a5","messageTitle":"cv: fix bugs","messageBody":"","fileTypesAndContributionMap":{"java":{"insertions":4,"deletions":4}}},{"hash":"dc56d1005b2f00db62ad8ab5fc8a11bb76f34875","messageTitle":"cv: small bug fixes","messageBody":"","fileTypesAndContributionMap":{"java":{"insertions":7,"deletions":8}}}]},{"date":"2022-12-10","commitResults":[{"hash":"f0464463bded870bc1c612596783b9102a45d197","messageTitle":"CV: update cv competences manually + generate competences automatically","messageBody":"","fileTypesAndContributionMap":{"java":{"insertions":255,"deletions":5}}}]},{"date":"2022-12-12","commitResults":[{"hash":"c8c2f903c22ba2e46fc9729b5bad7004c75c6022","messageTitle":"cv: fix small typos","messageBody":"","fileTypesAndContributionMap":{"java":{"insertions":5,"deletions":2}}},{"hash":"b16502a32a9e6fd5a2307f2bd23b9574810a4cbe","messageTitle":"cv: add isHidden parmeter","messageBody":"","fileTypesAndContributionMap":{"java":{"insertions":39,"deletions":4}}}]},{"date":"2022-12-19","commitResults":[{"hash":"70a9461debe7979059b91db64ea24b67e44136a9","messageTitle":"cv: shown/hidden change","messageBody":"","fileTypesAndContributionMap":{"java":{"insertions":247,"deletions":105},"xml":{"insertions":124,"deletions":0}}}]}],"Victor":[{"date":"2022-10-04","commitResults":[{"hash":"3d650c71f41d075aa1329b0fb471e5de52b4257c","messageTitle":"Adjust regexp and fix test","messageBody":"","fileTypesAndContributionMap":{"java":{"insertions":28,"deletions":3}}}]},{"date":"2022-10-12","commitResults":[{"hash":"eb9c4e55ea6631d4d8ed58edd068359b781c2c5d","messageTitle":"Add mongo connection","messageBody":"","fileTypesAndContributionMap":{"java":{"insertions":30,"deletions":12},"xml":{"insertions":8,"deletions":2}}}]},{"date":"2022-10-17","commitResults":[{"hash":"d60ec8833b224065134e488b3b634784b4fbf655","messageTitle":"Adjust tests and separate logic into classes","messageBody":"","fileTypesAndContributionMap":{"java":{"insertions":151,"deletions":43}}},{"hash":"455312dbec8c512d4b1d1c6d2f1ea590f72a9f86","messageTitle":"Add tests for function","messageBody":"","fileTypesAndContributionMap":{"java":{"insertions":59,"deletions":1}}}]},{"date":"2022-10-19","commitResults":[{"hash":"c2a18d8e15fa66bb6a0b78ee672a2f3c733252b7","messageTitle":"Add spring","messageBody":"","fileTypesAndContributionMap":{"java":{"insertions":365,"deletions":364},"xml":{"insertions":126,"deletions":15},"yml":{"insertions":4,"deletions":0}}}]},{"date":"2022-10-21","commitResults":[{"hash":"5246e227aa0849fb406e863b37bebab7e1df864e","messageTitle":"Add tests","messageBody":"","fileTypesAndContributionMap":{"java":{"insertions":118,"deletions":4},"xml":{"insertions":6,"deletions":0},"yml":{"insertions":3,"deletions":0}}},{"hash":"aceb9078a28649f62eccd5ee56c42727f84a8795","messageTitle":"Use spring data mongo","messageBody":"","fileTypesAndContributionMap":{"java":{"insertions":134,"deletions":365},"xml":{"insertions":7,"deletions":4},"yml":{"insertions":5,"deletions":7},"config":{"insertions":2,"deletions":0}}}]},{"date":"2022-11-21","commitResults":[{"hash":"7f45cd3d29f72c87b653295761b7d508f34c2c54","messageTitle":"Started working on jobs","messageBody":"","fileTypesAndContributionMap":{"java":{"insertions":127,"deletions":0},"xml":{"insertions":19,"deletions":16},"yml":{"insertions":11,"deletions":0}}}]},{"date":"2022-11-22","commitResults":[{"hash":"1df6ac7e7ba1d3ad9a90486028706ae19e0845b8","messageTitle":"Continue working on bot","messageBody":"","fileTypesAndContributionMap":{"java":{"insertions":133,"deletions":96},"gitignore":{"insertions":3,"deletions":0},"xml":{"insertions":7,"deletions":2},"yml":{"insertions":17,"deletions":2}}}]},{"date":"2022-11-25","commitResults":[{"hash":"b12cc962d0ea21027edb4dc2b6e9dec97c0e61a5","messageTitle":"First telegram communication implementation: echoing user messages","messageBody":"","fileTypesAndContributionMap":{"java":{"insertions":76,"deletions":6}}}]},{"date":"2022-11-27","commitResults":[{"hash":"ba7f14f57b1559171c191f435ea70ee26551d75d","messageTitle":"Define structure for command handling","messageBody":"","fileTypesAndContributionMap":{"java":{"insertions":394,"deletions":105},"xml":{"insertions":4,"deletions":0},"yml":{"insertions":3,"deletions":1}}}]},{"date":"2022-11-28","commitResults":[{"hash":"8e614033d20dc0448469de5ac5899b9b121be9a5","messageTitle":"MVP impementation of add job command","messageBody":"","fileTypesAndContributionMap":{"java":{"insertions":148,"deletions":39},"yml":{"insertions":1,"deletions":1}}}]},{"date":"2022-12-04","commitResults":[{"hash":"fe5808c285fec359551eea1db1d39b25a622e634","messageTitle":"Add /cancel and /deletejob commands","messageBody":"","fileTypesAndContributionMap":{"java":{"insertions":128,"deletions":100},"gitignore":{"insertions":1,"deletions":1},"xml":{"insertions":1,"deletions":0},"yml":{"insertions":2,"deletions":5}}}]},{"date":"2022-12-07","commitResults":[{"hash":"263866944f0deb050f93f5fbb8f86a8aa1ea9bc5","messageTitle":"Code formatting + cleanup","messageBody":"","fileTypesAndContributionMap":{"java":{"insertions":674,"deletions":702}}},{"hash":"01c9988e27aa6392c3963d3290237b8aed63ed0c","messageTitle":"TelegramBotRegisterer cleanup","messageBody":"","fileTypesAndContributionMap":{"java":{"insertions":0,"deletions":43}}}]},{"date":"2022-12-17","commitResults":[{"hash":"5b2f2fd9cce58a4e2a1e6c057160134824d8e078","messageTitle":"Rework package structure for commands and handlers","messageBody":"","fileTypesAndContributionMap":{"java":{"insertions":512,"deletions":476}}},{"hash":"a85aeb555cdf3dfdda3ecec23586e88e940a3f72","messageTitle":"Fix bug with duplicated entites after update actions","messageBody":"","fileTypesAndContributionMap":{"java":{"insertions":6,"deletions":0}}},{"hash":"1f68bfe2d06ed16c8e1dbf4cd6820d7e01d91b9a","messageTitle":"Rework all commands to common naming convention","messageBody":"","fileTypesAndContributionMap":{"java":{"insertions":139,"deletions":80}}},{"hash":"94e19245dc6a784a689bfedcd0bac89d930acad1","messageTitle":"Move UserRequest to web package","messageBody":"","fileTypesAndContributionMap":{"java":{"insertions":20,"deletions":17}}},{"hash":"b4b7757fc2efd995bb947579522833aae589c13b","messageTitle":"Rework web request handler to optional pipeline","messageBody":"","fileTypesAndContributionMap":{"java":{"insertions":29,"deletions":5}}},{"hash":"3675e2ca77ed4fecf4b339f89b19992e4a83146b","messageTitle":"Increase test coverage","messageBody":"","fileTypesAndContributionMap":{"java":{"insertions":579,"deletions":10}}}]}],"Ivan Pohodichev":[{"date":"2022-10-01","commitResults":[{"hash":"83661b056236034c9de14c717ddbb347577579e5","messageTitle":"test commit","messageBody":"","fileTypesAndContributionMap":{"java":{"insertions":1,"deletions":1}}}]},{"date":"2022-10-02","commitResults":[{"hash":"80af81dbc4a8e44570b3fd0c707374a34fc94bec","messageTitle":"Add proper msg response","messageBody":"","fileTypesAndContributionMap":{"java":{"insertions":24,"deletions":10}}}]}],"elina-semenko":[],"Anton Shabinskiy":[{"date":"2022-10-03","commitResults":[{"hash":"e03eb209be6fe2c73f28b71a11eb6c344355673b","messageTitle":"Add or update the Azure App Service build and deployment workflow config","messageBody":"","fileTypesAndContributionMap":{"yml":{"insertions":43,"deletions":0}}},{"hash":"c236994cc154e4a6fbf765ff11e591e00e3dec5d","messageTitle":"Update master_kmaooad-bot-farm.yml","messageBody":"","fileTypesAndContributionMap":{"yml":{"insertions":1,"deletions":1}}}]},{"date":"2022-10-14","commitResults":[{"hash":"a637b70386f6e17b2933b0c5da3b965382bb84fd","messageTitle":"Setup CI","messageBody":"","fileTypesAndContributionMap":{"xml":{"insertions":31,"deletions":4},"yml":{"insertions":86,"deletions":43}}}]},{"date":"2022-10-16","commitResults":[{"hash":"9ac05dbce111438c897da3a670f2a734c41655e3","messageTitle":"Rename deployment workflow [skip ci]","messageBody":"","fileTypesAndContributionMap":{"yml":{"insertions":1,"deletions":1}}}]}],"Khrystyna Boiko":[{"date":"2022-12-13","commitResults":[{"hash":"9606a883387adf4b0f6a1120a7c3ade6bb4669ce","messageTitle":"Add functionality to manage hiring status for org/dep","messageBody":"","fileTypesAndContributionMap":{"java":{"insertions":324,"deletions":2}}}]},{"date":"2022-12-20","commitResults":[{"hash":"28317d898a865a68ee47f96633897ffa477174da","messageTitle":"Add tests for cv, department mapper and service","messageBody":"","fileTypesAndContributionMap":{"java":{"insertions":270,"deletions":7}}}]}],"KrAxmalL":[],"github-classroom[bot]":[{"date":"2022-10-01","commitResults":[{"hash":"8f24318302bc90f0b638d21ce7a5733db115b46f","messageTitle":"Initial commit","messageBody":"","fileTypesAndContributionMap":{"java":{"insertions":170,"deletions":0},"gitignore":{"insertions":39,"deletions":0},"xml":{"insertions":110,"deletions":0},"json":{"insertions":7,"deletions":0},"LICENSE":{"insertions":21,"deletions":0}}},{"hash":"cdc89646625e25be4b52a04eefaa56c23b6a3d0d","messageTitle":"Add online IDE url","messageBody":"","fileTypesAndContributionMap":{"md":{"insertions":1,"deletions":0}}}]}]},"authorFileTypeContributionMap":{"Khrystya20":{},"Elina Semenko":{"xml":129,"java":946},"Victor":{"gitignore":3,"config":2,"xml":163,"java":2139,"yml":30},"Ivan Pohodichev":{},"elina-semenko":{},"Anton Shabinskiy":{"yml":86,"xml":3},"Khrystyna Boiko":{"java":432},"KrAxmalL":{"xml":1},"github-classroom[bot]":{"LICENSE":21,"md":1,"gitignore":39,"json":7,"xml":84}},"authorContributionVariance":{"Khrystya20":0.0,"Elina Semenko":5345.858,"Victor":61650.207,"Ivan Pohodichev":10.345291,"elina-semenko":0.0,"Anton Shabinskiy":256.9721,"Khrystyna Boiko":1619.1821,"KrAxmalL":0.0,"github-classroom[bot]":1081.1973},"authorDisplayNameMap":{"Khrystya20":"Khrystya20","Elina Semenko":"Elina Semenko","Victor":"Victor","Ivan Pohodichev":"Ivan Pohodichev","elina-semenko":"elina-semenko","Anton Shabinskiy":"Anton Shabinskiy","Khrystyna Boiko":"Khrystyna Boiko","KrAxmalL":"KrAxmalL","github-classroom[bot]":"github-classroom[bot]"}}
