{"authorDailyContributionsMap":{"illia_sitkov":[{"date":"2022-11-30","commitResults":[{"hash":"c146688b87d38176fe6f406ec45efaf45d22771c","messageTitle":"todos defined","messageBody":"","fileTypesAndContributionMap":{"TODO":{"insertions":17,"deletions":0},"java":{"insertions":78,"deletions":0}}}]},{"date":"2022-12-05","commitResults":[{"hash":"436a9afcc42750ea8cd2bdf44ac84261034e6dad","messageTitle":"implement CreateAccessRuleHandler, add the handler to the general map of handlers, add access checking for commandCall in Dispatcher\u0027s dispatch method","messageBody":"","fileTypesAndContributionMap":{"java":{"insertions":83,"deletions":6}}}]},{"date":"2022-12-09","commitResults":[{"hash":"362da886305a1b72693a4d63e889ddc8a137b098","messageTitle":"add getCommandByName method, catch exceptions from handlers and dispatcher","messageBody":"","fileTypesAndContributionMap":{"TODO":{"insertions":2,"deletions":0},"java":{"insertions":85,"deletions":47}}}]},{"date":"2022-12-10","commitResults":[{"hash":"8101b9ac390152c9f71834e05524dfdb8446a298","messageTitle":"update CommandParserTest, FunctionTest; implement tests for AccessRuleService, CommandDispatcher and CreateAccessRuleHandler","messageBody":"","fileTypesAndContributionMap":{"java":{"insertions":237,"deletions":9}}}]},{"date":"2022-12-11","commitResults":[{"hash":"0ffbe048bd1864d81492852e5104e8fd188986a3","messageTitle":"fix access check condition in dispatcher","messageBody":"","fileTypesAndContributionMap":{"java":{"insertions":2,"deletions":1}}}]},{"date":"2022-12-12","commitResults":[{"hash":"14c9f3d88e7bf6e6eeb4c4ca599b46d1d0bc3262","messageTitle":"fix tests according to updates","messageBody":"","fileTypesAndContributionMap":{"java":{"insertions":14,"deletions":3}}},{"hash":"2146980ba0ae093cd8da395ca693d74c754cbfd3","messageTitle":"add tests for AccessRule and its key (id)","messageBody":"","fileTypesAndContributionMap":{"java":{"insertions":20,"deletions":3}}}]},{"date":"2022-12-13","commitResults":[{"hash":"331b1c182d1a6cf9ae9cd46cbefd134b454e6381","messageTitle":"add tests for UnbanHandler, fix tests for CommandService","messageBody":"","fileTypesAndContributionMap":{"java":{"insertions":82,"deletions":29}}}]}],"soloway24":[{"date":"2022-12-12","commitResults":[{"hash":"0a237816e041b0cc0271f5debffc2d39ae758c94","messageTitle":"Fixed bean configuration for Web clients","messageBody":"","fileTypesAndContributionMap":{"java":{"insertions":14,"deletions":10}}},{"hash":"b01fd551a955d85310c45c6d0fa5558343481da2","messageTitle":"Fixed AccessCheckServiceImpl to operate with resource ids but not real ids.","messageBody":"","fileTypesAndContributionMap":{"java":{"insertions":16,"deletions":9}}},{"hash":"67f2dcbf043e00ed644d2526d129dd17f4863781","messageTitle":"Changed tests to extend BaseTest in order not to create ApplicationContext for each test class.","messageBody":"","fileTypesAndContributionMap":{"java":{"insertions":59,"deletions":76}}},{"hash":"47741c850fe43d3382478c70974b158ac673e4bc","messageTitle":"Added tests for AccessCheckService","messageBody":"","fileTypesAndContributionMap":{"java":{"insertions":322,"deletions":7}}}]},{"date":"2022-12-13","commitResults":[{"hash":"3b9eae1136436b1c1ce58d7a92377031a4ae1d33","messageTitle":"Added more tests for AccessCheckService, optimized imports.","messageBody":"","fileTypesAndContributionMap":{"java":{"insertions":25,"deletions":8}}},{"hash":"9f5751ce82fa66d7b381a01613ed08d7ab36904a","messageTitle":"Fixed ResourceService and added tests for it.","messageBody":"","fileTypesAndContributionMap":{"java":{"insertions":180,"deletions":4}}}]}],"Hlib Kalinichev":[{"date":"2022-12-05","commitResults":[{"hash":"fecc69707744d8384b2acdc45fd6045eec673d9b","messageTitle":"Added event which must be emitted by command handlers and its listener; Added chatId to CommandCall;","messageBody":"","fileTypesAndContributionMap":{"java":{"insertions":54,"deletions":2}}}]},{"date":"2022-12-13","commitResults":[{"hash":"2b42708d209dc90bef4ec530161f82463efbc604","messageTitle":"Improved WebClientTests","messageBody":"","fileTypesAndContributionMap":{"java":{"insertions":115,"deletions":15}}},{"hash":"085f1631d08708ef68b576470d71cabedea59112","messageTitle":"Added some tests to BandHandlerTest; minor fixes;","messageBody":"","fileTypesAndContributionMap":{"java":{"insertions":99,"deletions":27}}},{"hash":"0816892f8de4c24e4e2a5c48fee71341e2d53d5e","messageTitle":"Added some tests to DeleteAccessRuleHandlerTest and UpdateAccessRuleHandlerTest;","messageBody":"","fileTypesAndContributionMap":{"java":{"insertions":52,"deletions":18}}}]}],"vdzhos":[{"date":"2022-12-11","commitResults":[{"hash":"ecd83c1403b29b16c006303f0d6127e331da0da6","messageTitle":"add: ban handler","messageBody":"","fileTypesAndContributionMap":{"java":{"insertions":61,"deletions":0}}},{"hash":"c3d929d14104d6457bd644b82f7b7a7d93841e60","messageTitle":"add: unban handler","messageBody":"","fileTypesAndContributionMap":{"java":{"insertions":61,"deletions":0}}},{"hash":"ef4c0211c5bc91e0d3d59f7b60821bcac53707c3","messageTitle":"add: added ban handler and unban handler to command handler map","messageBody":"","fileTypesAndContributionMap":{"java":{"insertions":7,"deletions":4}}}]},{"date":"2022-12-12","commitResults":[{"hash":"46c425e4b2b940bca7ed4a84674dce5d8ae01bb1","messageTitle":"fixed: ban and unban handlers to use separated ban services","messageBody":"","fileTypesAndContributionMap":{"java":{"insertions":24,"deletions":16}}}]},{"date":"2022-12-13","commitResults":[{"hash":"9922bcaa6be6547c20c5dace0315fb85277ed118","messageTitle":"add: tests for ban handler and unban handler","messageBody":"","fileTypesAndContributionMap":{"java":{"insertions":146,"deletions":0}}}]}],"Pelagus21":[],"DanilAndriychenko":[{"date":"2022-12-11","commitResults":[{"hash":"e09c62dc32a0588791e4e2625463ce6b1acb1c0d","messageTitle":"Add new handler: UpdateAccessRuleHandler","messageBody":"","fileTypesAndContributionMap":{"java":{"insertions":55,"deletions":1}}},{"hash":"9fdbce5c9d14354599fcaad0f486e23a48206216","messageTitle":"Add new handler: DeleteAccessRuleHandler","messageBody":"","fileTypesAndContributionMap":{"java":{"insertions":51,"deletions":0}}},{"hash":"160b65ee16c5a0b9da2ad3c7c6ca65a737e4e238","messageTitle":"Add UpdateAccessRuleHandler and DeleteAccessRuleHandler to handler map","messageBody":"","fileTypesAndContributionMap":{"java":{"insertions":6,"deletions":2}}}]},{"date":"2022-12-13","commitResults":[{"hash":"3a0b08fd39455db82fac0e74932fe32b7dcbc30a","messageTitle":"Add tests for update and delete access rule handler","messageBody":"","fileTypesAndContributionMap":{"java":{"insertions":171,"deletions":0}}}]}],"Iryna":[{"date":"2022-11-28","commitResults":[{"hash":"dee94e184473829dd79c4b98bf471040bb478486","messageTitle":"feat: split BanService to three separate services","messageBody":"","fileTypesAndContributionMap":{"java":{"insertions":144,"deletions":104}}}]},{"date":"2022-12-03","commitResults":[{"hash":"0bf81369776361702eab5715fbc3ccd339277081","messageTitle":"feat: handle other commands (not related to ban and accessRules) with OtherCommandHandler and send them to other microservices","messageBody":"","fileTypesAndContributionMap":{"TODO":{"insertions":2,"deletions":1},"java":{"insertions":70,"deletions":12}}}]},{"date":"2022-12-12","commitResults":[{"hash":"a76a241f013b72eeba8f4e04901084024ba0add6","messageTitle":"Separate fetch of other microservices to OtherMicroservicesWebClient. Add tests for OtherCommandHandler","messageBody":"","fileTypesAndContributionMap":{"java":{"insertions":129,"deletions":20},"xml":{"insertions":13,"deletions":0}}}]},{"date":"2022-12-13","commitResults":[{"hash":"56606500fc6c344ff18fa90d87b7f7d416eb93c7","messageTitle":"Add test for CommandService","messageBody":"","fileTypesAndContributionMap":{"java":{"insertions":97,"deletions":19}}}]}],"Irama03":[]},"authorFileTypeContributionMap":{"illia_sitkov":{"TODO":18,"java":467},"soloway24":{"java":606},"Hlib Kalinichev":{"java":298},"vdzhos":{"java":259},"Pelagus21":{},"DanilAndriychenko":{"java":263},"Iryna":{"TODO":2,"xml":13,"java":388},"Irama03":{}},"authorContributionVariance":{"illia_sitkov":4178.5903,"soloway24":14180.65,"Hlib Kalinichev":5105.79,"vdzhos":1775.8477,"Pelagus21":0.0,"DanilAndriychenko":1918.8099,"Iryna":4488.1465,"Irama03":0.0},"authorDisplayNameMap":{"illia_sitkov":"illia_sitkov","soloway24":"soloway24","Hlib Kalinichev":"Hlib Kalinichev","vdzhos":"vdzhos","Pelagus21":"Pelagus21","DanilAndriychenko":"DanilAndriychenko","Iryna":"Iryna","Irama03":"Irama03"}}
