{"authorDailyContributionsMap":{"Hlib Kalinichev":[{"date":"2022-10-24","commitResults":[{"hash":"1f8c6f1482971533c9a0fc34d28301d0dcc31256","messageTitle":"Migrated AzureFunctions project to SpringBoot project","messageBody":"","fileTypesAndContributionMap":{"java":{"insertions":230,"deletions":165},"xml":{"insertions":97,"deletions":16},"properties":{"insertions":2,"deletions":0}}}]},{"date":"2022-10-26","commitResults":[{"hash":"427cf80406043365a2023aa672bdf7f3e45a60c5","messageTitle":"fix: changed mongodb uri","messageBody":"","fileTypesAndContributionMap":{"java":{"insertions":2,"deletions":3},"properties":{"insertions":2,"deletions":1}}}]},{"date":"2022-10-27","commitResults":[{"hash":"1d931f5437eb3b76f845e0bda5cd2360c5cf1150","messageTitle":"Added initial tests and handled NullPointerException during JSON object reading","messageBody":"","fileTypesAndContributionMap":{"java":{"insertions":218,"deletions":29}}}]},{"date":"2022-11-16","commitResults":[{"hash":"e5c48a14423cc38d38c95fd23ee9101fec2824b7","messageTitle":"Implemented service for sending message to TG; created stubs for fetching info from Organizations microservice; created some initial classes for command processing;","messageBody":"","fileTypesAndContributionMap":{"java":{"insertions":161,"deletions":0},"xml":{"insertions":5,"deletions":0},"properties":{"insertions":4,"deletions":1}}}]},{"date":"2022-11-18","commitResults":[{"hash":"dd72c3d5ca65a51aa234711d8b69a0a2f05df82a","messageTitle":"Changed TG bot token on real one; added some tests;","messageBody":"","fileTypesAndContributionMap":{"java":{"insertions":93,"deletions":2},"properties":{"insertions":1,"deletions":1}}}]},{"date":"2022-12-05","commitResults":[{"hash":"fecc69707744d8384b2acdc45fd6045eec673d9b","messageTitle":"Added event which must be emitted by command handlers and its listener; Added chatId to CommandCall;","messageBody":"","fileTypesAndContributionMap":{"java":{"insertions":54,"deletions":2}}}]},{"date":"2022-12-13","commitResults":[{"hash":"2b42708d209dc90bef4ec530161f82463efbc604","messageTitle":"Improved WebClientTests","messageBody":"","fileTypesAndContributionMap":{"java":{"insertions":115,"deletions":15}}},{"hash":"085f1631d08708ef68b576470d71cabedea59112","messageTitle":"Added some tests to BandHandlerTest; minor fixes;","messageBody":"","fileTypesAndContributionMap":{"java":{"insertions":99,"deletions":27}}},{"hash":"0816892f8de4c24e4e2a5c48fee71341e2d53d5e","messageTitle":"Added some tests to DeleteAccessRuleHandlerTest and UpdateAccessRuleHandlerTest;","messageBody":"","fileTypesAndContributionMap":{"java":{"insertions":52,"deletions":18}}}]}],"Anton Shabinskiy":[{"date":"2022-10-03","commitResults":[{"hash":"485e3af8ce48a8fafbda74dbd46bf3e30b1da725","messageTitle":"Add or update the Azure App Service build and deployment workflow config","messageBody":"","fileTypesAndContributionMap":{"yml":{"insertions":43,"deletions":0}}},{"hash":"fe62e7f720f8a3426ecf27f940de8d911209d9ec","messageTitle":"Update master_kmaooad-supraaa.yml","messageBody":"","fileTypesAndContributionMap":{"yml":{"insertions":1,"deletions":1}}}]},{"date":"2022-10-14","commitResults":[{"hash":"54887a3198a3dd38bdeb2eaa68f6103be9c47630","messageTitle":"Setup CI","messageBody":"","fileTypesAndContributionMap":{"xml":{"insertions":28,"deletions":0},"yml":{"insertions":86,"deletions":43}}}]},{"date":"2022-10-16","commitResults":[{"hash":"8f89d9a026298388a23ee2be5dc27dbd3e2ab55f","messageTitle":"Rename deployment workflow [skip ci]","messageBody":"","fileTypesAndContributionMap":{"yml":{"insertions":1,"deletions":1}}}]}],"Pelagus21":[{"date":"2022-11-21","commitResults":[{"hash":"88c125177c7e6b583026143c2fefb038b1eca362","messageTitle":"Api communication and command processing (#9)","messageBody":"* Implemented service for sending message to TG; created stubs for fetching info from Organizations microservice; created some initial classes for command processing;\r\n\r\n* Changed TG bot token on real one; added some tests;","fileTypesAndContributionMap":{"java":{"insertions":252,"deletions":0},"xml":{"insertions":5,"deletions":0},"properties":{"insertions":4,"deletions":1}}}]}],"github-classroom[bot]":[{"date":"2022-09-29","commitResults":[{"hash":"a35ab05fd853929a49aaf420f39ad8b7dd6e6138","messageTitle":"Initial commit","messageBody":"","fileTypesAndContributionMap":{"java":{"insertions":170,"deletions":0},"gitignore":{"insertions":39,"deletions":0},"xml":{"insertions":110,"deletions":0},"json":{"insertions":7,"deletions":0},"LICENSE":{"insertions":21,"deletions":0}}},{"hash":"bf9223ac7afbd19094cfb2842e4e802e0e9c688c","messageTitle":"Add online IDE url","messageBody":"","fileTypesAndContributionMap":{"md":{"insertions":1,"deletions":0}}}]}],"IlliaSitkov":[],"Irama03":[],"illia_sitkov":[{"date":"2022-10-01","commitResults":[{"hash":"67b39edcc10840fba9c47671b75d6219c3e00310","messageTitle":"feat: function receives a post request of a certain structure and returns an OK response with message_id in plain text from the request body","messageBody":"","fileTypesAndContributionMap":{"java":{"insertions":20,"deletions":7},"xml":{"insertions":7,"deletions":0}}}]},{"date":"2022-10-04","commitResults":[{"hash":"43a07947ce8d968f02c55e57de7a5a456b791d09","messageTitle":"fix: test fixed","messageBody":"","fileTypesAndContributionMap":{"java":{"insertions":1,"deletions":1}}}]},{"date":"2022-10-11","commitResults":[{"hash":"97ca813827b14655bce5ce70429b08f5f9368df4","messageTitle":"feat: save payload from webhook request to mongo db","messageBody":"","fileTypesAndContributionMap":{"java":{"insertions":16,"deletions":0},"xml":{"insertions":7,"deletions":0}}}]},{"date":"2022-10-16","commitResults":[{"hash":"d158d147ce2aac222e83b1efa5105832485edef1","messageTitle":"chore: change authorization level  to ANONYMOUS as an attempt to resolve the 401 error","messageBody":"","fileTypesAndContributionMap":{"java":{"insertions":1,"deletions":1}}}]},{"date":"2022-10-18","commitResults":[{"hash":"7185647e61270d89b0f274f15829adea8db66f6e","messageTitle":"fix: change mongodb uri from the uri for \"java 4.3 or later\" to the uri for \"java 3.4 or later\"","messageBody":"","fileTypesAndContributionMap":{"java":{"insertions":1,"deletions":1}}}]},{"date":"2022-10-31","commitResults":[{"hash":"d52859884b2c1d6ec7b92037ae9cc2711dbfb998","messageTitle":"fix: make FunctionTest run test with correct request body","messageBody":"","fileTypesAndContributionMap":{"java":{"insertions":71,"deletions":90}}},{"hash":"1cac811df3f1f7c08ad12824d4a26081cd6bc8d4","messageTitle":"feat: add tests for models","messageBody":"","fileTypesAndContributionMap":{"java":{"insertions":77,"deletions":0}}}]},{"date":"2022-11-07","commitResults":[{"hash":"6d6d372c08eb6eb0a1b2eb4bfca854e31c4d1547","messageTitle":"feat: add models for access rules","messageBody":"","fileTypesAndContributionMap":{"java":{"insertions":83,"deletions":0}}},{"hash":"60452feef6086fd9d21d043d3d9cb2d8fdfaff22","messageTitle":"feat: add repositories for access rules","messageBody":"","fileTypesAndContributionMap":{"java":{"insertions":33,"deletions":0}}},{"hash":"40e87bbfbd62c996fdd446331212b3ac31578d3c","messageTitle":"feat: add services for access rules","messageBody":"","fileTypesAndContributionMap":{"java":{"insertions":139,"deletions":0},"gitignore":{"insertions":1,"deletions":0}}}]},{"date":"2022-11-14","commitResults":[{"hash":"6c8b5b7e8bdcd3415c7c40a9a9dd0dbec5dcfe97","messageTitle":"feat: make one table for all access rules, implement a service for access rule management","messageBody":"","fileTypesAndContributionMap":{"java":{"insertions":90,"deletions":235}}}]},{"date":"2022-11-30","commitResults":[{"hash":"c146688b87d38176fe6f406ec45efaf45d22771c","messageTitle":"todos defined","messageBody":"","fileTypesAndContributionMap":{"TODO":{"insertions":17,"deletions":0},"java":{"insertions":78,"deletions":0}}}]},{"date":"2022-12-05","commitResults":[{"hash":"436a9afcc42750ea8cd2bdf44ac84261034e6dad","messageTitle":"implement CreateAccessRuleHandler, add the handler to the general map of handlers, add access checking for commandCall in Dispatcher\u0027s dispatch method","messageBody":"","fileTypesAndContributionMap":{"java":{"insertions":83,"deletions":6}}}]},{"date":"2022-12-09","commitResults":[{"hash":"362da886305a1b72693a4d63e889ddc8a137b098","messageTitle":"add getCommandByName method, catch exceptions from handlers and dispatcher","messageBody":"","fileTypesAndContributionMap":{"TODO":{"insertions":2,"deletions":0},"java":{"insertions":85,"deletions":47}}}]},{"date":"2022-12-10","commitResults":[{"hash":"8101b9ac390152c9f71834e05524dfdb8446a298","messageTitle":"update CommandParserTest, FunctionTest; implement tests for AccessRuleService, CommandDispatcher and CreateAccessRuleHandler","messageBody":"","fileTypesAndContributionMap":{"java":{"insertions":237,"deletions":9}}}]},{"date":"2022-12-11","commitResults":[{"hash":"0ffbe048bd1864d81492852e5104e8fd188986a3","messageTitle":"fix access check condition in dispatcher","messageBody":"","fileTypesAndContributionMap":{"java":{"insertions":2,"deletions":1}}}]},{"date":"2022-12-12","commitResults":[{"hash":"14c9f3d88e7bf6e6eeb4c4ca599b46d1d0bc3262","messageTitle":"fix tests according to updates","messageBody":"","fileTypesAndContributionMap":{"java":{"insertions":14,"deletions":3}}},{"hash":"2146980ba0ae093cd8da395ca693d74c754cbfd3","messageTitle":"add tests for AccessRule and its key (id)","messageBody":"","fileTypesAndContributionMap":{"java":{"insertions":20,"deletions":3}}}]},{"date":"2022-12-13","commitResults":[{"hash":"331b1c182d1a6cf9ae9cd46cbefd134b454e6381","messageTitle":"add tests for UnbanHandler, fix tests for CommandService","messageBody":"","fileTypesAndContributionMap":{"java":{"insertions":82,"deletions":29}}}]}],"soloway24":[{"date":"2022-11-21","commitResults":[{"hash":"59fdbcf53995d2b9fe150bc2586c4f7875ce5a86","messageTitle":"Added AccessCheckService for the user access check logic.","messageBody":"","fileTypesAndContributionMap":{"java":{"insertions":91,"deletions":21}}}]},{"date":"2022-12-12","commitResults":[{"hash":"0a237816e041b0cc0271f5debffc2d39ae758c94","messageTitle":"Fixed bean configuration for Web clients","messageBody":"","fileTypesAndContributionMap":{"java":{"insertions":14,"deletions":10}}},{"hash":"b01fd551a955d85310c45c6d0fa5558343481da2","messageTitle":"Fixed AccessCheckServiceImpl to operate with resource ids but not real ids.","messageBody":"","fileTypesAndContributionMap":{"java":{"insertions":16,"deletions":9}}},{"hash":"67f2dcbf043e00ed644d2526d129dd17f4863781","messageTitle":"Changed tests to extend BaseTest in order not to create ApplicationContext for each test class.","messageBody":"","fileTypesAndContributionMap":{"java":{"insertions":59,"deletions":76}}},{"hash":"47741c850fe43d3382478c70974b158ac673e4bc","messageTitle":"Added tests for AccessCheckService","messageBody":"","fileTypesAndContributionMap":{"java":{"insertions":322,"deletions":7}}}]},{"date":"2022-12-13","commitResults":[{"hash":"3b9eae1136436b1c1ce58d7a92377031a4ae1d33","messageTitle":"Added more tests for AccessCheckService, optimized imports.","messageBody":"","fileTypesAndContributionMap":{"java":{"insertions":25,"deletions":8}}},{"hash":"9f5751ce82fa66d7b381a01613ed08d7ab36904a","messageTitle":"Fixed ResourceService and added tests for it.","messageBody":"","fileTypesAndContributionMap":{"java":{"insertions":180,"deletions":4}}}]}],"vdzhos":[{"date":"2022-11-21","commitResults":[{"hash":"600629e159be365b969bd4e3b2aecefb4009904c","messageTitle":"add: command service interface and service implementation","messageBody":"","fileTypesAndContributionMap":{"java":{"insertions":89,"deletions":0}}}]},{"date":"2022-12-11","commitResults":[{"hash":"ecd83c1403b29b16c006303f0d6127e331da0da6","messageTitle":"add: ban handler","messageBody":"","fileTypesAndContributionMap":{"java":{"insertions":61,"deletions":0}}},{"hash":"c3d929d14104d6457bd644b82f7b7a7d93841e60","messageTitle":"add: unban handler","messageBody":"","fileTypesAndContributionMap":{"java":{"insertions":61,"deletions":0}}},{"hash":"ef4c0211c5bc91e0d3d59f7b60821bcac53707c3","messageTitle":"add: added ban handler and unban handler to command handler map","messageBody":"","fileTypesAndContributionMap":{"java":{"insertions":7,"deletions":4}}}]},{"date":"2022-12-12","commitResults":[{"hash":"46c425e4b2b940bca7ed4a84674dce5d8ae01bb1","messageTitle":"fixed: ban and unban handlers to use separated ban services","messageBody":"","fileTypesAndContributionMap":{"java":{"insertions":24,"deletions":16}}}]},{"date":"2022-12-13","commitResults":[{"hash":"9922bcaa6be6547c20c5dace0315fb85277ed118","messageTitle":"add: tests for ban handler and unban handler","messageBody":"","fileTypesAndContributionMap":{"java":{"insertions":146,"deletions":0}}}]}],"Danyil Andriichenko":[],"DanilAndriychenko":[{"date":"2022-11-21","commitResults":[{"hash":"d8fb9773e26dc40cf4447b4134e38475ef6f1692","messageTitle":"Add new entity: Resource","messageBody":"","fileTypesAndContributionMap":{"java":{"insertions":48,"deletions":0}}},{"hash":"326d145df6be47f2d85b051b421c70643dab43dc","messageTitle":"Add new repository: ResourceRepository","messageBody":"","fileTypesAndContributionMap":{"java":{"insertions":9,"deletions":0}}},{"hash":"5d66440b6e5624c10e1c51e1cd16cb35ebec58c2","messageTitle":"Add new service: ResourceService","messageBody":"","fileTypesAndContributionMap":{"java":{"insertions":122,"deletions":2}}}]},{"date":"2022-12-11","commitResults":[{"hash":"e09c62dc32a0588791e4e2625463ce6b1acb1c0d","messageTitle":"Add new handler: UpdateAccessRuleHandler","messageBody":"","fileTypesAndContributionMap":{"java":{"insertions":55,"deletions":1}}},{"hash":"9fdbce5c9d14354599fcaad0f486e23a48206216","messageTitle":"Add new handler: DeleteAccessRuleHandler","messageBody":"","fileTypesAndContributionMap":{"java":{"insertions":51,"deletions":0}}},{"hash":"160b65ee16c5a0b9da2ad3c7c6ca65a737e4e238","messageTitle":"Add UpdateAccessRuleHandler and DeleteAccessRuleHandler to handler map","messageBody":"","fileTypesAndContributionMap":{"java":{"insertions":6,"deletions":2}}}]},{"date":"2022-12-13","commitResults":[{"hash":"3a0b08fd39455db82fac0e74932fe32b7dcbc30a","messageTitle":"Add tests for update and delete access rule handler","messageBody":"","fileTypesAndContributionMap":{"java":{"insertions":171,"deletions":0}}}]}],"--replace-all":[{"date":"2022-11-21","commitResults":[{"hash":"b3eb0dc1206a316ff9ba95d6d688f6e6367b5d9d","messageTitle":"add: command entity","messageBody":"","fileTypesAndContributionMap":{"java":{"insertions":22,"deletions":0}}},{"hash":"5adbfa49831c33e6f73fccb8f599760cbb44c4c6","messageTitle":"add: command repository","messageBody":"","fileTypesAndContributionMap":{"java":{"insertions":9,"deletions":0}}}]}],"Iryna":[{"date":"2022-10-17","commitResults":[{"hash":"3f9c89485a2f163d914f10e63c071e355ddc30e8","messageTitle":"feat: function firstly covered with tests","messageBody":"","fileTypesAndContributionMap":{"java":{"insertions":73,"deletions":8}}}]},{"date":"2022-11-07","commitResults":[{"hash":"50465c649778418109b3fd2a203478704efb6b2d","messageTitle":"feat: functionality of ban/unban user, department and organization implemented. Covered with tests","messageBody":"","fileTypesAndContributionMap":{"java":{"insertions":222,"deletions":0}}}]},{"date":"2022-11-28","commitResults":[{"hash":"dee94e184473829dd79c4b98bf471040bb478486","messageTitle":"feat: split BanService to three separate services","messageBody":"","fileTypesAndContributionMap":{"java":{"insertions":144,"deletions":104}}}]},{"date":"2022-12-03","commitResults":[{"hash":"0bf81369776361702eab5715fbc3ccd339277081","messageTitle":"feat: handle other commands (not related to ban and accessRules) with OtherCommandHandler and send them to other microservices","messageBody":"","fileTypesAndContributionMap":{"TODO":{"insertions":2,"deletions":1},"java":{"insertions":70,"deletions":12}}}]},{"date":"2022-12-12","commitResults":[{"hash":"a76a241f013b72eeba8f4e04901084024ba0add6","messageTitle":"Separate fetch of other microservices to OtherMicroservicesWebClient. Add tests for OtherCommandHandler","messageBody":"","fileTypesAndContributionMap":{"java":{"insertions":129,"deletions":20},"xml":{"insertions":13,"deletions":0}}}]},{"date":"2022-12-13","commitResults":[{"hash":"56606500fc6c344ff18fa90d87b7f7d416eb93c7","messageTitle":"Add test for CommandService","messageBody":"","fileTypesAndContributionMap":{"java":{"insertions":97,"deletions":19}}}]}]},"authorFileTypeContributionMap":{"Hlib Kalinichev":{"xml":95,"java":630,"properties":3},"Anton Shabinskiy":{"yml":86,"xml":28},"Pelagus21":{"xml":5,"java":214,"properties":3},"github-classroom[bot]":{"LICENSE":21,"md":1,"gitignore":39,"json":7,"xml":102,"java":80},"IlliaSitkov":{},"Irama03":{},"illia_sitkov":{"gitignore":1,"TODO":18,"xml":8,"java":712},"soloway24":{"java":680},"vdzhos":{"java":340},"Danyil Andriichenko":{},"DanilAndriychenko":{"java":434},"--replace-all":{"java":31},"Iryna":{"TODO":2,"xml":13,"java":501}},"authorContributionVariance":{"Hlib Kalinichev":4326.761,"Anton Shabinskiy":252.67163,"Pelagus21":653.6914,"github-classroom[bot]":1153.2638,"IlliaSitkov":0.0,"Irama03":0.0,"illia_sitkov":3021.487,"soloway24":3038.3176,"vdzhos":451.2056,"Danyil Andriichenko":0.0,"DanilAndriychenko":703.1731,"--replace-all":9.151539,"Iryna":1502.3206},"authorDisplayNameMap":{"Hlib Kalinichev":"Hlib Kalinichev","Anton Shabinskiy":"Anton Shabinskiy","Pelagus21":"Pelagus21","github-classroom[bot]":"github-classroom[bot]","IlliaSitkov":"IlliaSitkov","Irama03":"Irama03","illia_sitkov":"illia_sitkov","soloway24":"soloway24","vdzhos":"vdzhos","Danyil Andriichenko":"Danyil Andriichenko","DanilAndriychenko":"DanilAndriychenko","--replace-all":"--replace-all","Iryna":"Iryna"}}
