{"repoSenseVersion":"dbe5cc66f6","reportGeneratedTime":"Sat Dec 24 08:38:10 2022 UTC","reportGenerationTime":" 5.48 second(s)","zoneId":"Etc/UTC","reportTitle":"RepoSense Report","repos":[{"location":{"location":"https://github.com/kmaooad/caja22-supraaa","repoName":"caja22-supraaa","organization":"kmaooad","domainName":"github"},"branch":"master","displayName":"kmaooad/caja22-supraaa[master]","outputFolderName":"kmaooad_caja22-supraaa_master"},{"location":{"location":"https://github.com/kmaooad/caja22-bots","repoName":"caja22-bots","organization":"kmaooad","domainName":"github"},"branch":"master","displayName":"kmaooad/caja22-bots[master]","outputFolderName":"kmaooad_caja22-bots_master"},{"location":{"location":"https://github.com/kmaooad/caja22-stalevary","repoName":"caja22-stalevary","organization":"kmaooad","domainName":"github"},"branch":"master","displayName":"kmaooad/caja22-stalevary[master]","outputFolderName":"kmaooad_caja22-stalevary_master"},{"location":{"location":"https://github.com/kmaooad/caja22-opossum","repoName":"caja22-opossum","organization":"kmaooad","domainName":"github"},"branch":"master","displayName":"kmaooad/caja22-opossum[master]","outputFolderName":"kmaooad_caja22-opossum_master"},{"location":{"location":"https://github.com/kmaooad/caja22-kmavun","repoName":"caja22-kmavun","organization":"kmaooad","domainName":"github"},"branch":"master","displayName":"kmaooad/caja22-kmavun[master]","outputFolderName":"kmaooad_caja22-kmavun_master"},{"location":{"location":"https://github.com/kmaooad/caja22-manticore","repoName":"caja22-manticore","organization":"kmaooad","domainName":"github"},"branch":"master","displayName":"kmaooad/caja22-manticore[master]","outputFolderName":"kmaooad_caja22-manticore_master"},{"location":{"location":"https://github.com/kmaooad/caja22-bot-farm","repoName":"caja22-bot-farm","organization":"kmaooad","domainName":"github"},"branch":"master","displayName":"kmaooad/caja22-bot-farm[master]","outputFolderName":"kmaooad_caja22-bot-farm_master"},{"location":{"location":"https://github.com/kmaooad/caja22-independent-team","repoName":"caja22-independent-team","organization":"kmaooad","domainName":"github"},"branch":"master","displayName":"kmaooad/caja22-independent-team[master]","outputFolderName":"kmaooad_caja22-independent-team_master"}],"errorSet":[],"sinceDate":"2022-09-01","untilDate":"2022-12-24","isSinceDateProvided":true,"isUntilDateProvided":false,"supportedDomainUrlMap":{"NOT_RECOGNIZED":{"BRANCH":"","REPO_URL":"UNSUPPORTED","BASE_URL":"UNSUPPORTED","HISTORY_PATH":"","COMMIT_PATH":"","BLAME_PATH":""},"github":{"BRANCH":"tree/$BRANCH","REPO_URL":"https://github.com/$ORGANIZATION/$REPO_NAME/","BASE_URL":"https://github.com/","HISTORY_PATH":"commits/$BRANCH/$FILE_PATH","COMMIT_PATH":"commit/$COMMIT_HASH","BLAME_PATH":"blame/$BRANCH/$FILE_PATH"}}}
