{"authorDailyContributionsMap":{"Alexandra Shliakhova":[],"Yelyzaveta Boiarchuk":[],"lizaboiarchuk":[{"date":"2022-12-22","commitResults":[{"hash":"ffc15ffdfd5ed3cd13548825b90ce7c9bcfac9e9","messageTitle":"fixed webhookHandler + tests for services added","messageBody":"","fileTypesAndContributionMap":{"java":{"insertions":133,"deletions":1}}},{"hash":"87e350d96dffed110cbbf63d32b33c631197c925","messageTitle":"remove logs printing","messageBody":"","fileTypesAndContributionMap":{"java":{"insertions":0,"deletions":3}}}]}],"sun-ok":[{"date":"2022-12-20","commitResults":[{"hash":"9b78088461cab6fcf1b6f8d9550f6b473e3ee541","messageTitle":"Add missing files for previous commit","messageBody":"","fileTypesAndContributionMap":{"java":{"insertions":30,"deletions":0}}},{"hash":"100b916ec3730ab12bdbfabdaab63e2e68fbb685","messageTitle":"Fix error in test file","messageBody":"","fileTypesAndContributionMap":{"java":{"insertions":2,"deletions":4}}}]},{"date":"2022-12-21","commitResults":[{"hash":"7a4a58cb71c3b964455d8f71cacbc39c8658acc2","messageTitle":"Add expert creation and basic structure","messageBody":"","fileTypesAndContributionMap":{"java":{"insertions":597,"deletions":117},"properties":{"insertions":6,"deletions":1}}},{"hash":"de32543551e6b913c4344c0c4d6ad91b928abf73","messageTitle":"Add MongoMapKeyDotReplacementConfiguration","messageBody":"","fileTypesAndContributionMap":{"java":{"insertions":16,"deletions":2}}}]}]},"authorFileTypeContributionMap":{"Alexandra Shliakhova":{},"Yelyzaveta Boiarchuk":{},"lizaboiarchuk":{"java":132},"sun-ok":{"java":613,"properties":6}},"authorContributionVariance":{"Alexandra Shliakhova":0.0,"Yelyzaveta Boiarchuk":0.0,"lizaboiarchuk":624.8894,"sun-ok":18162.27},"authorDisplayNameMap":{"Alexandra Shliakhova":"Alexandra Shliakhova","Yelyzaveta Boiarchuk":"Yelyzaveta Boiarchuk","lizaboiarchuk":"lizaboiarchuk","sun-ok":"sun-ok"}}
