{"authorDailyContributionsMap":{"Alexandra Shliakhova":[],"Yelyzaveta Boiarchuk":[],"lizaboiarchuk":[{"date":"2022-12-22","commitResults":[{"hash":"ffc15ffdfd5ed3cd13548825b90ce7c9bcfac9e9","messageTitle":"fixed webhookHandler + tests for services added","messageBody":"","fileTypesAndContributionMap":{"java":{"insertions":133,"deletions":1}}},{"hash":"87e350d96dffed110cbbf63d32b33c631197c925","messageTitle":"remove logs printing","messageBody":"","fileTypesAndContributionMap":{"java":{"insertions":0,"deletions":3}}}]}],"Anton Shabinskiy":[{"date":"2022-10-03","commitResults":[{"hash":"07926ac29b89ebd103419c879e110f26e733f977","messageTitle":"Add or update the Azure App Service build and deployment workflow config","messageBody":"","fileTypesAndContributionMap":{"yml":{"insertions":43,"deletions":0}}},{"hash":"5a7d9c8c6e4694da83e313e5c4727b438eb0c5a0","messageTitle":"Update master_kmaooad-bots.yml","messageBody":"","fileTypesAndContributionMap":{"yml":{"insertions":1,"deletions":1}}}]},{"date":"2022-10-14","commitResults":[{"hash":"a349494927aa1ee182edf793a4eb66330c3a3d15","messageTitle":"Setup CI","messageBody":"","fileTypesAndContributionMap":{"xml":{"insertions":20,"deletions":0},"yml":{"insertions":86,"deletions":43}}},{"hash":"02668def6bb6ac00d5e0e90bc4f7f7c3669cfd60","messageTitle":"Fix deploy config","messageBody":"","fileTypesAndContributionMap":{"yml":{"insertions":1,"deletions":1}}},{"hash":"c55b84f739f0c4be1d9cb62ff2acc7e560b1771a","messageTitle":"Require tests [skip ci]","messageBody":"","fileTypesAndContributionMap":{"xml":{"insertions":8,"deletions":0}}}]},{"date":"2022-10-16","commitResults":[{"hash":"41275dc9762f06991ab79a2a2c8f5039b3df96f0","messageTitle":"Rename deploy workflow [skip ci]","messageBody":"","fileTypesAndContributionMap":{"yml":{"insertions":1,"deletions":1}}}]},{"date":"2022-11-20","commitResults":[{"hash":"d8716eccfb3e9d408f73011791b661a127dc360f","messageTitle":"Fix Azure secret","messageBody":"","fileTypesAndContributionMap":{"yml":{"insertions":1,"deletions":1}}}]}],"github-classroom[bot]":[{"date":"2022-10-01","commitResults":[{"hash":"d8c4c8b9ccd91397e3d579cd74d337ba2b34551e","messageTitle":"Initial commit","messageBody":"","fileTypesAndContributionMap":{"java":{"insertions":170,"deletions":0},"gitignore":{"insertions":39,"deletions":0},"xml":{"insertions":110,"deletions":0},"json":{"insertions":7,"deletions":0},"LICENSE":{"insertions":21,"deletions":0}}},{"hash":"862126f4dd060c89e767929d00b259f4bb48e3be","messageTitle":"Add online IDE url","messageBody":"","fileTypesAndContributionMap":{"md":{"insertions":1,"deletions":0}}}]}],"sun-ok":[{"date":"2022-10-18","commitResults":[{"hash":"dd024ba1ea112f5c7b97afcb398f20ea36bd0462","messageTitle":"Fix team name in deploy.yml","messageBody":"","fileTypesAndContributionMap":{"yml":{"insertions":1,"deletions":1}}}]},{"date":"2022-10-23","commitResults":[{"hash":"8ec2559f2bf920c1707f429d3c729070edea13c2","messageTitle":"Test fixinf and merging main functions","messageBody":"","fileTypesAndContributionMap":{"java":{"insertions":21,"deletions":69}}}]},{"date":"2022-10-29","commitResults":[{"hash":"6a7a989d4ff1594f683c90c2f23aa0cdff418884","messageTitle":"Add tests for run function","messageBody":"","fileTypesAndContributionMap":{"java":{"insertions":30,"deletions":7}}}]},{"date":"2022-11-06","commitResults":[{"hash":"9a402a6834f40b12dadba409390cdeb51114400d","messageTitle":"Replace quotation marks in deploy.yml","messageBody":"","fileTypesAndContributionMap":{"yml":{"insertions":8,"deletions":8}}}]},{"date":"2022-11-13","commitResults":[{"hash":"0966762425df2b516712d5d7519c59a2822ca363","messageTitle":"Spring setup","messageBody":"","fileTypesAndContributionMap":{"java":{"insertions":71,"deletions":67},"xml":{"insertions":84,"deletions":3}}},{"hash":"97c01454a73c06a610f24d5767014f994c2cdc61","messageTitle":"Add mongo db server settings","messageBody":"","fileTypesAndContributionMap":{"java":{"insertions":27,"deletions":2},"xml":{"insertions":39,"deletions":0},"properties":{"insertions":3,"deletions":0}}},{"hash":"9ef2c451e9a03d10ca689db3b764f00ae4dcc371","messageTitle":"Add expert model and db managment prototype","messageBody":"","fileTypesAndContributionMap":{"java":{"insertions":102,"deletions":2},"xml":{"insertions":4,"deletions":0}}},{"hash":"9596fa43d77f436a2b2f2141ff0cebf95c16ebdb","messageTitle":"Remove FinctionTest","messageBody":"","fileTypesAndContributionMap":{"java":{"insertions":0,"deletions":72}}}]},{"date":"2022-11-20","commitResults":[{"hash":"2885c97b2848f5d8ab86728b58c6c18d2ae5a121","messageTitle":"Create telegram bot entity with test responce","messageBody":"","fileTypesAndContributionMap":{"java":{"insertions":145,"deletions":81},"xml":{"insertions":11,"deletions":0},"properties":{"insertions":7,"deletions":0}}}]},{"date":"2022-12-20","commitResults":[{"hash":"9b78088461cab6fcf1b6f8d9550f6b473e3ee541","messageTitle":"Add missing files for previous commit","messageBody":"","fileTypesAndContributionMap":{"java":{"insertions":30,"deletions":0}}},{"hash":"100b916ec3730ab12bdbfabdaab63e2e68fbb685","messageTitle":"Fix error in test file","messageBody":"","fileTypesAndContributionMap":{"java":{"insertions":2,"deletions":4}}}]},{"date":"2022-12-21","commitResults":[{"hash":"7a4a58cb71c3b964455d8f71cacbc39c8658acc2","messageTitle":"Add expert creation and basic structure","messageBody":"","fileTypesAndContributionMap":{"java":{"insertions":597,"deletions":117},"properties":{"insertions":6,"deletions":1}}},{"hash":"de32543551e6b913c4344c0c4d6ad91b928abf73","messageTitle":"Add MongoMapKeyDotReplacementConfiguration","messageBody":"","fileTypesAndContributionMap":{"java":{"insertions":16,"deletions":2}}}]}],"xOooQOFU":[{"date":"2022-10-02","commitResults":[{"hash":"a1deb197f7de6c521e648a0a3ac9811b9abebaa3","messageTitle":"Added message id request","messageBody":"","fileTypesAndContributionMap":{"txt":{"insertions":9,"deletions":0},"java":{"insertions":35,"deletions":0},"xml":{"insertions":12,"deletions":0}}}]},{"date":"2022-10-16","commitResults":[{"hash":"3ef1621208b796fa8d009321b35244547830aafc","messageTitle":"Add saving request body to database","messageBody":"","fileTypesAndContributionMap":{"java":{"insertions":39,"deletions":0},"xml":{"insertions":6,"deletions":0}}},{"hash":"021d56a0430c18eb3390b4c7378c1f4da73ef6a9","messageTitle":"Change function name","messageBody":"","fileTypesAndContributionMap":{"java":{"insertions":39,"deletions":0},"xml":{"insertions":6,"deletions":0}}}]}]},"authorFileTypeContributionMap":{"Alexandra Shliakhova":{},"Yelyzaveta Boiarchuk":{},"lizaboiarchuk":{"java":132},"Anton Shabinskiy":{"yml":78,"xml":28},"github-classroom[bot]":{"LICENSE":21,"md":1,"gitignore":39,"json":7,"xml":110,"java":81},"sun-ok":{"yml":8,"xml":138,"java":778,"properties":15},"xOooQOFU":{"txt":9,"xml":15}},"authorContributionVariance":{"Alexandra Shliakhova":0.0,"Yelyzaveta Boiarchuk":0.0,"lizaboiarchuk":164.62747,"Anton Shabinskiy":238.32887,"github-classroom[bot]":1062.2327,"sun-ok":7251.823,"xOooQOFU":97.76404},"authorDisplayNameMap":{"Alexandra Shliakhova":"Alexandra Shliakhova","Yelyzaveta Boiarchuk":"Yelyzaveta Boiarchuk","lizaboiarchuk":"lizaboiarchuk","Anton Shabinskiy":"Anton Shabinskiy","github-classroom[bot]":"github-classroom[bot]","sun-ok":"sun-ok","xOooQOFU":"xOooQOFU"}}
