{"authorDailyContributionsMap":{"Mishok":[{"date":"2022-10-03","commitResults":[{"hash":"70e1e7a753bfb98c571577830b345eccd23d5c25","messageTitle":"Added endpoint for processing telegram response json","messageBody":"","fileTypesAndContributionMap":{"java":{"insertions":20,"deletions":9},"xml":{"insertions":7,"deletions":0}}}]},{"date":"2022-10-11","commitResults":[{"hash":"be21be67a06f423b8f851dc4de4ed9ef675cb7b8","messageTitle":"Added saving telegram request to db","messageBody":"","fileTypesAndContributionMap":{"java":{"insertions":18,"deletions":0},"xml":{"insertions":7,"deletions":1}}},{"hash":"493cd7acd773f9d3a09537a52f35b4df1fd66318","messageTitle":"Changed mongo uri to earlier version","messageBody":"","fileTypesAndContributionMap":{"java":{"insertions":1,"deletions":1}}}]},{"date":"2022-10-21","commitResults":[{"hash":"68c0007f6af33a7c28a9f60a3737663ff8e5dd85","messageTitle":"Added handling request from telegram","messageBody":"","fileTypesAndContributionMap":{"java":{"insertions":77,"deletions":27}}}]},{"date":"2022-10-22","commitResults":[{"hash":"cf6337b77e574a8593652362e67b8e6a2bd06933","messageTitle":"Added saving to mongodb","messageBody":"","fileTypesAndContributionMap":{"java":{"insertions":102,"deletions":22},"xml":{"insertions":12,"deletions":1},"properties":{"insertions":3,"deletions":0}}}]},{"date":"2022-11-15","commitResults":[{"hash":"f505329e0dea72f5ef7c8729d3885fc30ffdf5a2","messageTitle":"Fix code for state manager","messageBody":"","fileTypesAndContributionMap":{"java":{"insertions":147,"deletions":358}}}]},{"date":"2022-11-16","commitResults":[{"hash":"2cbdded69ad23cf4dd6b93a9184a97cac0611c3f","messageTitle":"Added tests for telegram bot API","messageBody":"","fileTypesAndContributionMap":{"java":{"insertions":231,"deletions":19}}}]},{"date":"2022-11-19","commitResults":[{"hash":"258d4cd0d03c58a4555e273003faa4fbedf5743a","messageTitle":"Add structure for mass operations with students","messageBody":"","fileTypesAndContributionMap":{"java":{"insertions":93,"deletions":4}}}]},{"date":"2022-11-20","commitResults":[{"hash":"3fbf57bb91c5650c05e9cc85a7bd28cdb44e1974","messageTitle":"Add tests for handlers","messageBody":"","fileTypesAndContributionMap":{"java":{"insertions":238,"deletions":0},"gitignore":{"insertions":1,"deletions":3},"properties":{"insertions":4,"deletions":0}}},{"hash":"4c3237f95ff50af7398c5fbd7ec2f7b4dd5b6f87","messageTitle":"Fix maven does not find tests","messageBody":"","fileTypesAndContributionMap":{"java":{"insertions":49,"deletions":36},"xml":{"insertions":1,"deletions":23}}},{"hash":"ddcf5b890f5a10dc670423963869db5d921b7db0","messageTitle":"Add tests for StudentMenuHandler","messageBody":"","fileTypesAndContributionMap":{"java":{"insertions":62,"deletions":0}}},{"hash":"70cfd340a2de50173c755fd07ee399cee5f2eeb8","messageTitle":"Add test global flag for handlers implementation","messageBody":"","fileTypesAndContributionMap":{"java":{"insertions":15,"deletions":0}}}]},{"date":"2022-11-21","commitResults":[{"hash":"d495cf21b3bacefd02c1ac06bc1192f9dde293fe","messageTitle":"Added structure for group operations","messageBody":"","fileTypesAndContributionMap":{"java":{"insertions":93,"deletions":81}}},{"hash":"0170fef7dcf3cb29cbc1f8fbc5b5654513bf1452","messageTitle":"Add creating group","messageBody":"","fileTypesAndContributionMap":{"java":{"insertions":111,"deletions":22}}},{"hash":"62b177cb6df9cc1f542eff9b890294de073cb66b","messageTitle":"Fix create group handlers","messageBody":"","fileTypesAndContributionMap":{"java":{"insertions":122,"deletions":7},"properties":{"insertions":3,"deletions":1}}},{"hash":"11c2bb33a0a5a0c9337b9d1f1f76d9a1859fe84a","messageTitle":"Add handler for getting all the groups","messageBody":"","fileTypesAndContributionMap":{"java":{"insertions":82,"deletions":6}}},{"hash":"02df37bab0b93634465893bb153c37dcfe181361","messageTitle":"Add deleting for a group","messageBody":"","fileTypesAndContributionMap":{"java":{"insertions":34,"deletions":67}}}]},{"date":"2022-11-27","commitResults":[{"hash":"803b28934f9d0b5cbea2f4ccb1c37de982e7475a","messageTitle":"Add map in user session for data","messageBody":"","fileTypesAndContributionMap":{"java":{"insertions":228,"deletions":56}}}]},{"date":"2022-11-30","commitResults":[{"hash":"51364cb5a15cdac9da635fd3b7723d0f3b4508fd","messageTitle":"Change handlers structure for bot","messageBody":"","fileTypesAndContributionMap":{"java":{"insertions":611,"deletions":552},"gitignore":{"insertions":0,"deletions":0},"xml":{"insertions":0,"deletions":0},"md":{"insertions":10,"deletions":1},"json":{"insertions":0,"deletions":0},"properties":{"insertions":0,"deletions":0}}},{"hash":"6dd7767e8074ac0b103b05d4e5446a8c1f7c4a07","messageTitle":"Add new show all groups handler","messageBody":"","fileTypesAndContributionMap":{"java":{"insertions":52,"deletions":0}}},{"hash":"20a31deee9d8320d4e513768395a999a9cd8d0f4","messageTitle":"Add find group by id","messageBody":"","fileTypesAndContributionMap":{"java":{"insertions":16,"deletions":0}}},{"hash":"f18d519da134ba3a1dd078c8f38636ed2cd9d1aa","messageTitle":"Add group update dialog","messageBody":"","fileTypesAndContributionMap":{"java":{"insertions":209,"deletions":1}}},{"hash":"ff28e7ec56ad609acdfd9b734f6fc14f66b84c0e","messageTitle":"Add delete dialog for group","messageBody":"","fileTypesAndContributionMap":{"java":{"insertions":107,"deletions":0}}}]},{"date":"2022-12-01","commitResults":[{"hash":"11cde0fc2ef73c036fc15e1657b9f1a169b743c3","messageTitle":"Fix conversation state in handlers","messageBody":"","fileTypesAndContributionMap":{"java":{"insertions":47,"deletions":40}}}]},{"date":"2022-12-02","commitResults":[{"hash":"efe70a13678abeea8792b3c4a6fa830b97950601","messageTitle":"Fix tests after handlers change","messageBody":"","fileTypesAndContributionMap":{"java":{"insertions":48,"deletions":28},"xml":{"insertions":13,"deletions":2}}},{"hash":"020e0dce1902aa0874dd39abdba8757e57297265","messageTitle":"Add tests for handlers","messageBody":"","fileTypesAndContributionMap":{"java":{"insertions":935,"deletions":0},"MockMaker":{"insertions":1,"deletions":0}}},{"hash":"a642565006a1aa22066a58966cba58e6ea080f49","messageTitle":"Add tests for UserRequestHandler, KeyboardHelperTest","messageBody":"","fileTypesAndContributionMap":{"java":{"insertions":156,"deletions":2}}}]}],"dgoptsii":[{"date":"2022-11-14","commitResults":[{"hash":"fe388d0b5c246c2c6f3e99bfce2f1f0fc63d2d48","messageTitle":"created models, repositories, services Student, Group created model GroupTemplate","messageBody":"","fileTypesAndContributionMap":{"pb":{"insertions":3,"deletions":0},"java":{"insertions":743,"deletions":4},"gitignore":{"insertions":3,"deletions":0},"xml":{"insertions":158,"deletions":0},"iml":{"insertions":29,"deletions":0}}},{"hash":"48c5a67c9b64cee6c894d5b6329ffb5a615829bb","messageTitle":"created models, repositories, services Student, Group created model GroupTemplate","messageBody":"","fileTypesAndContributionMap":{"8ec9a00bfd09b3190ac6b22251dbb1aa95a0579d":{"insertions":0,"deletions":0},"b83e127852f33d890ecc0143cd23ccb71a6ff5d5":{"insertions":0,"deletions":0},"pb":{"insertions":7,"deletions":0},"1d6d42c047adea6357d7d389e0bb77e4d1f0cbe9":{"insertions":31,"deletions":0},"e04d47cdddd10b255601e022f3704e131c20016d":{"insertions":0,"deletions":0},"gitignore":{"insertions":3,"deletions":0},"xml":{"insertions":256,"deletions":0},"name":{"insertions":1,"deletions":0},"442292b8a7efeabbe4cc176709b833b1792140ec":{"insertions":0,"deletions":0}}}]},{"date":"2022-11-18","commitResults":[{"hash":"fccfdd2399e7f87164f1e0469fa466a77cfcc19c","messageTitle":"tests for GroupService and StudentService","messageBody":"","fileTypesAndContributionMap":{"java":{"insertions":146,"deletions":81}}}]},{"date":"2022-11-26","commitResults":[{"hash":"f4e44e3594e0faaf1800912a24ea619f0f0ea4b9","messageTitle":"group service and model fixed","messageBody":"","fileTypesAndContributionMap":{"java":{"insertions":9,"deletions":0}}}]},{"date":"2022-12-04","commitResults":[{"hash":"b79147ea5d0a83e9a507594265d2d9cd49c10de0","messageTitle":"services fixed, tests for services fixed","messageBody":"","fileTypesAndContributionMap":{"java":{"insertions":387,"deletions":176}}}]},{"date":"2022-12-09","commitResults":[{"hash":"288ffcc1bbab680c53d2d6636a5e33a58d66acb6","messageTitle":"services fixed, tests for services fixed","messageBody":"","fileTypesAndContributionMap":{"java":{"insertions":466,"deletions":171}}},{"hash":"37ace9cf6954b03d20920a48b132b44d105d7783","messageTitle":"Activity model update","messageBody":"","fileTypesAndContributionMap":{"java":{"insertions":3,"deletions":1}}},{"hash":"4f8cb2db052fdb3ce6d3be4d79fa764fb321015e","messageTitle":"Activity repository and service files","messageBody":"","fileTypesAndContributionMap":{"java":{"insertions":66,"deletions":0}}},{"hash":"a2470567181f90538b82d22fc5786d4cda4734de","messageTitle":"activity service update all activities","messageBody":"","fileTypesAndContributionMap":{"java":{"insertions":76,"deletions":44}}}]},{"date":"2022-12-12","commitResults":[{"hash":"e820237dfc0680e847677c64bf9074a2ed14bcd5","messageTitle":"Activity model update","messageBody":"","fileTypesAndContributionMap":{"java":{"insertions":5,"deletions":0}}},{"hash":"c539a5293ec2b3fa8130fdc342e9d9977e0d56af","messageTitle":"Activity repository and service files","messageBody":"","fileTypesAndContributionMap":{"java":{"insertions":66,"deletions":0}}},{"hash":"d6cb8c82a1a479be67a79463e414db8f8558e457","messageTitle":"email sending dependencies problem","messageBody":"","fileTypesAndContributionMap":{"java":{"insertions":24,"deletions":9}}},{"hash":"da59ffde8f700dfde0583fdc9fecf0a52a481231","messageTitle":"services fixed, tests for services fixed","messageBody":"","fileTypesAndContributionMap":{"java":{"insertions":0,"deletions":3},"gitignore":{"insertions":144,"deletions":0}}},{"hash":"223914de8977ba65d83c0021ba1ccc242878636c","messageTitle":"group template exceptions fixed","messageBody":"","fileTypesAndContributionMap":{"java":{"insertions":6,"deletions":0}}},{"hash":"77a9cdcdfbb590370617f8a40de9254d90c21f4b","messageTitle":"group Template Service update groupTemplate fixed","messageBody":"","fileTypesAndContributionMap":{"java":{"insertions":22,"deletions":17}}},{"hash":"31eec2404a9ca23bd884d2d95c58367b614988de","messageTitle":"email sending service fixed","messageBody":"","fileTypesAndContributionMap":{"java":{"insertions":26,"deletions":10},"xml":{"insertions":5,"deletions":5},"properties":{"insertions":11,"deletions":2}}},{"hash":"869bf78d77a5b7d4c45d7d67433c05602648d649","messageTitle":"email sending service fixed","messageBody":"","fileTypesAndContributionMap":{"java":{"insertions":0,"deletions":2}}},{"hash":"6651d1bdf6bcf1102487a766d867f42dc8b40eeb","messageTitle":"email sending service fixed again","messageBody":"","fileTypesAndContributionMap":{"java":{"insertions":1,"deletions":5}}},{"hash":"52fef21c542fe2d431d078be2a06a9130576f897","messageTitle":"email sending service fixed tests","messageBody":"","fileTypesAndContributionMap":{"java":{"insertions":5,"deletions":2}}}]}],"Mishok7889":[],"irazubrytska":[{"date":"2022-12-12","commitResults":[{"hash":"a8c3c8c630cc682c1200d9f582f5834449d91106","messageTitle":"Delete .gitignore","messageBody":"","fileTypesAndContributionMap":{"gitignore":{"insertions":0,"deletions":144}}},{"hash":"88bf1dda1deedb7226798b1f93f870fa16082455","messageTitle":"Delete DBSampleTest.java","messageBody":"","fileTypesAndContributionMap":{"java":{"insertions":0,"deletions":31}}}]}],"BlackKyiv":[{"date":"2022-10-18","commitResults":[{"hash":"a8db355f56409f3237e5b62ff5a159c4a7ea292e","messageTitle":"Spring starter pack","messageBody":"","fileTypesAndContributionMap":{"java":{"insertions":126,"deletions":118},"xml":{"insertions":111,"deletions":51}}}]},{"date":"2022-11-05","commitResults":[{"hash":"68e4934cf4088cc8954b70c92a7eda0f0c2b78fa","messageTitle":"Added testing for TelegramWebhook fixed","messageBody":"","fileTypesAndContributionMap":{"java":{"insertions":56,"deletions":0},"xml":{"insertions":13,"deletions":4}}},{"hash":"9aeac2f7a0cd88b6de09acec26a0d9964d8f162a","messageTitle":"Fixed Mongo TestContainers saving to real db","messageBody":"","fileTypesAndContributionMap":{"java":{"insertions":17,"deletions":2},"xml":{"insertions":15,"deletions":0}}}]},{"date":"2022-11-18","commitResults":[{"hash":"e30ffa08e3ca53262a66f029c750599a5fca677b","messageTitle":"Fixed unit tests and standardized mocking","messageBody":"","fileTypesAndContributionMap":{"java":{"insertions":111,"deletions":134},"xml":{"insertions":2,"deletions":2}}}]},{"date":"2022-12-04","commitResults":[{"hash":"0500c43ff116e6c2dd8898e5c776363a115e562e","messageTitle":"Added handlers for assigning activities to groups","messageBody":"","fileTypesAndContributionMap":{"java":{"insertions":271,"deletions":2},"properties":{"insertions":6,"deletions":0}}}]},{"date":"2022-12-09","commitResults":[{"hash":"862d112c30f835e20dd7d2eca356a8b4d99f4c11","messageTitle":"Implemented updated group service to handlers","messageBody":"","fileTypesAndContributionMap":{"java":{"insertions":46,"deletions":30}}},{"hash":"a92532d69ecf8c599f240403f940f027cdc70d21","messageTitle":"Removed done TODO comment","messageBody":"","fileTypesAndContributionMap":{"java":{"insertions":1,"deletions":2}}},{"hash":"875c1265cd83df6de2833bbd1522ede3bb247abd","messageTitle":"Added ASSIGNED constant","messageBody":"","fileTypesAndContributionMap":{"java":{"insertions":1,"deletions":1}}},{"hash":"cc87aca1e13b3f8cb328cf6ad0525e51e833e210","messageTitle":"Fixed adding activities to group handlers","messageBody":"","fileTypesAndContributionMap":{"java":{"insertions":59,"deletions":36}}}]},{"date":"2022-12-11","commitResults":[{"hash":"9fcd7dc89947eea22a9595417616ae3b53a22f09","messageTitle":"Fixed adding and removing activities to group","messageBody":"","fileTypesAndContributionMap":{"java":{"insertions":33,"deletions":27}}},{"hash":"4592e8a0274e4990c441823613584d4b5b0a0b0d","messageTitle":"Added assigning activities to students","messageBody":"","fileTypesAndContributionMap":{"java":{"insertions":269,"deletions":44}}},{"hash":"c4811bcc1a63c52f4bd4d82084cb94c0bc8cb044","messageTitle":"Fixed failed tests","messageBody":"","fileTypesAndContributionMap":{"java":{"insertions":10,"deletions":9}}},{"hash":"99f9e9f928092b20ac4a3fceed01ac2f51f8f514","messageTitle":"Added testing for handlers","messageBody":"","fileTypesAndContributionMap":{"java":{"insertions":541,"deletions":0}}}]},{"date":"2022-12-12","commitResults":[{"hash":"b8d9770e2b807c81cfb0298f30ec27444237e8e1","messageTitle":"Added needed file from another branch","messageBody":"","fileTypesAndContributionMap":{"java":{"insertions":319,"deletions":167}}},{"hash":"9b7792ecfc90d234b44e17e1c579835e60864e34","messageTitle":"Added testing ActivityService","messageBody":"","fileTypesAndContributionMap":{"java":{"insertions":93,"deletions":35}}},{"hash":"0a03f303c80c30b43144bdd6eaee7851616bfefd","messageTitle":"Added testing for ActivityService","messageBody":"","fileTypesAndContributionMap":{"java":{"insertions":59,"deletions":15}}},{"hash":"797a9a66d2afb8c3215d8c0083758e6a431bc788","messageTitle":"Added testing","messageBody":"","fileTypesAndContributionMap":{"java":{"insertions":109,"deletions":67}}},{"hash":"283d10a0220e44e19e2c83b6ff8759d7eeade313","messageTitle":"Added config in testing app properties","messageBody":"","fileTypesAndContributionMap":{"properties":{"insertions":3,"deletions":1}}},{"hash":"8cf7b7d15ad7242801ec05c536aa7fe0833f4732","messageTitle":"Added missing testing","messageBody":"","fileTypesAndContributionMap":{"java":{"insertions":42,"deletions":8}}},{"hash":"4b21a839295d230ac81066fe478d674f5955d550","messageTitle":"Added config for mail sender","messageBody":"","fileTypesAndContributionMap":{"java":{"insertions":6,"deletions":0},"xml":{"insertions":12,"deletions":0},"properties":{"insertions":14,"deletions":2}}},{"hash":"3679073918ce0c82d86613b8d9ccc6d341bdd88f","messageTitle":"Added config for mail sender","messageBody":"","fileTypesAndContributionMap":{"java":{"insertions":37,"deletions":6},"xml":{"insertions":11,"deletions":0}}},{"hash":"fc08b8b6fb663432922e22737bdb797304353d8f","messageTitle":"Added props","messageBody":"","fileTypesAndContributionMap":{"properties":{"insertions":6,"deletions":2}}},{"hash":"cbbaf9af49f1ad6b1d758faf4e8e11c91c3e91ef","messageTitle":"Added testing for getAll methods","messageBody":"","fileTypesAndContributionMap":{"java":{"insertions":27,"deletions":0}}},{"hash":"0e9a3bc12131de8e15949d4dc63f39aa44eb329f","messageTitle":"Added handlers for assigning activities to groups","messageBody":"","fileTypesAndContributionMap":{"java":{"insertions":188,"deletions":3},"properties":{"insertions":1,"deletions":2}}},{"hash":"9730b11b499adcaff7cdf8dbf800ef869ae7c048","messageTitle":"Added Student CSV interface and fucntionality","messageBody":"","fileTypesAndContributionMap":{"java":{"insertions":765,"deletions":32}}},{"hash":"92be36c22852bcdeef0d7fd4ecc50041eac65641","messageTitle":"Added more tests and fixed coding issue","messageBody":"","fileTypesAndContributionMap":{"java":{"insertions":86,"deletions":6}}},{"hash":"6d0b80c91355b87583b6bb280eff4406d32b8af3","messageTitle":"Fixed failing test","messageBody":"","fileTypesAndContributionMap":{"java":{"insertions":5,"deletions":3}}}]},{"date":"2022-12-13","commitResults":[{"hash":"fba00f7dbf1a85dbafa96702ea1645f59d35e85a","messageTitle":"Added testing for MassStudentsService","messageBody":"","fileTypesAndContributionMap":{"java":{"insertions":120,"deletions":2}}},{"hash":"ec99c49ce45a6c7ca6971a8d800e6ad07227245f","messageTitle":"Added testing for GetAllStudentsCSVButtonHandler","messageBody":"","fileTypesAndContributionMap":{"java":{"insertions":45,"deletions":1}}},{"hash":"08c9179cdc7c1534770154cac54c08e895bd0576","messageTitle":"Added EmailService improved coverage","messageBody":"","fileTypesAndContributionMap":{"java":{"insertions":82,"deletions":48}}},{"hash":"e36ca3dde35df294d3cd122695869cdf3eccfd7a","messageTitle":"Added email notify after activity added","messageBody":"","fileTypesAndContributionMap":{"java":{"insertions":8,"deletions":2}}},{"hash":"9c777a576069f2e555a612e22e7112fe2cd8b74e","messageTitle":"Added testing","messageBody":"","fileTypesAndContributionMap":{"java":{"insertions":47,"deletions":0}}},{"hash":"32e989345dfc5316b735b9f12c32d8317c66e48e","messageTitle":"turned off email service usage","messageBody":"","fileTypesAndContributionMap":{"java":{"insertions":2,"deletions":4}}}]},{"date":"2022-12-20","commitResults":[{"hash":"ebc05cf121a1a3371d680008df61691f025a3dc1","messageTitle":"Moved replaceAll method to StudentService and added creation notification there","messageBody":"","fileTypesAndContributionMap":{"java":{"insertions":19,"deletions":12}}}]},{"date":"2022-12-21","commitResults":[{"hash":"744eabf0bc938e27c4957fde9d2448a52975a5ee","messageTitle":"Fixed mailService","messageBody":"","fileTypesAndContributionMap":{"java":{"insertions":5,"deletions":38},"properties":{"insertions":2,"deletions":2}}},{"hash":"8f27271b9a9228d9e8610ef5a728f6b15bea4972","messageTitle":"Add testing for StudentService replaceAll()","messageBody":"","fileTypesAndContributionMap":{"java":{"insertions":5,"deletions":0}}}]}],"Anton Shabinskiy":[{"date":"2022-10-03","commitResults":[{"hash":"c2df52622f7c89e05ff05b78f60acc49aa752a07","messageTitle":"Add or update the Azure App Service build and deployment workflow config","messageBody":"","fileTypesAndContributionMap":{"yml":{"insertions":43,"deletions":0}}},{"hash":"c7f06a087aaad71aa1a5039f1c2378b00fc43a2c","messageTitle":"Update master_kmaooad-opossum.yml","messageBody":"","fileTypesAndContributionMap":{"yml":{"insertions":1,"deletions":1}}}]},{"date":"2022-10-14","commitResults":[{"hash":"7109321e68664546f187d28ff64ed556931b48e3","messageTitle":"Setup CI","messageBody":"","fileTypesAndContributionMap":{"xml":{"insertions":28,"deletions":0},"yml":{"insertions":86,"deletions":43}}}]},{"date":"2022-10-16","commitResults":[{"hash":"18f5751572febb6334dd7baa3751130715a6984d","messageTitle":"Rename deployment workflow [skip ci]","messageBody":"","fileTypesAndContributionMap":{"yml":{"insertions":1,"deletions":1}}}]}],"Iryna Zubrytska":[{"date":"2022-12-12","commitResults":[{"hash":"a35969ccb3543f839d1317df8e3b26a98776cc0a","messageTitle":"wip group templates","messageBody":"","fileTypesAndContributionMap":{"java":{"insertions":551,"deletions":4}}},{"hash":"d53651bc73fbb053dff3cc5a90cfa4bb3c926ed2","messageTitle":"templates dialogs and button handlers","messageBody":"","fileTypesAndContributionMap":{"java":{"insertions":217,"deletions":8}}},{"hash":"167f1ea9c27a2b1d5368bc87da70a8e09276f862","messageTitle":"finished add, show all, delete templates","messageBody":"","fileTypesAndContributionMap":{"java":{"insertions":28,"deletions":20}}},{"hash":"e2a85be7a0e76c93be261200b0cda478e4e929dc","messageTitle":"wip update template","messageBody":"","fileTypesAndContributionMap":{"java":{"insertions":76,"deletions":4}}},{"hash":"e5a8a199aa3ad972334de61c4fa9c826263355d5","messageTitle":"added tests for templates button handlers","messageBody":"","fileTypesAndContributionMap":{"java":{"insertions":409,"deletions":0}}},{"hash":"1776b380bf79a37cff551a4b207f400f7dedee51","messageTitle":"fix messages","messageBody":"","fileTypesAndContributionMap":{"java":{"insertions":5,"deletions":5}}},{"hash":"cc381931e2a7fb1b133884172e6417b8a540972e","messageTitle":"finished template functionality","messageBody":"","fileTypesAndContributionMap":{"java":{"insertions":42,"deletions":2}}},{"hash":"f5947afd25dcaae514ee0298bf2b47f9d6fb73a8","messageTitle":"added templates dialogs tests","messageBody":"","fileTypesAndContributionMap":{"java":{"insertions":387,"deletions":0}}},{"hash":"830e7c59179063ca95499a219f5748f5ff4f8924","messageTitle":"added templates common handlers tests","messageBody":"","fileTypesAndContributionMap":{"java":{"insertions":222,"deletions":19}}},{"hash":"42f4ab8bbecf6619edea0e388866f6aaab3121e5","messageTitle":"fix","messageBody":"","fileTypesAndContributionMap":{"java":{"insertions":29,"deletions":13}}},{"hash":"762b7a9672c7abf7ccc05c1b59f3a1807eeaeb86","messageTitle":"clean files","messageBody":"","fileTypesAndContributionMap":{"java":{"insertions":0,"deletions":185}}},{"hash":"1e1b6a986abe6c349a6dd2d7c44aa3054d2fdd3f","messageTitle":"added test","messageBody":"","fileTypesAndContributionMap":{"java":{"insertions":6,"deletions":11}}}]}],"KateKolokhina":[{"date":"2022-11-07","commitResults":[{"hash":"1085ee54482cdba72d41e524a819c43b27a1026b","messageTitle":"Add Telegram library + simple check","messageBody":"","fileTypesAndContributionMap":{"java":{"insertions":232,"deletions":12},"gitignore":{"insertions":2,"deletions":0},"xml":{"insertions":5,"deletions":1},"properties":{"insertions":0,"deletions":3}}}]},{"date":"2022-11-15","commitResults":[{"hash":"f1379368d3e131af8ed53299e0f47002a2da14f1","messageTitle":"Add state manager for telegram","messageBody":"","fileTypesAndContributionMap":{"java":{"insertions":364,"deletions":7}}}]},{"date":"2022-12-09","commitResults":[{"hash":"6b873ffad84cf38d3a67b44f76adf290c37920b7","messageTitle":"Base scheduled task added","messageBody":"","fileTypesAndContributionMap":{"java":{"insertions":27,"deletions":0}}}]},{"date":"2022-12-12","commitResults":[{"hash":"b1a16859b9dc485bcae18f1f52259eb4893c7686","messageTitle":"Added auto-update statuses of activities","messageBody":"","fileTypesAndContributionMap":{"java":{"insertions":167,"deletions":21},"properties":{"insertions":3,"deletions":1}}},{"hash":"8adee326bf4427c80ac24e85ca7b0f898fadf9f6","messageTitle":"Fix tests for ActivityService","messageBody":"","fileTypesAndContributionMap":{"java":{"insertions":64,"deletions":6}}},{"hash":"486b0e83a5b56afbce5b28b41033eb8ca4983a69","messageTitle":"Added more tests for ActivityService","messageBody":"","fileTypesAndContributionMap":{"java":{"insertions":17,"deletions":0}}},{"hash":"f1f6c3cf188f11fe02ca64c6552d307e78c0ac54","messageTitle":"Delete unused file","messageBody":"","fileTypesAndContributionMap":{"java":{"insertions":0,"deletions":78}}},{"hash":"36cca46218116120427715c686007207e6016541","messageTitle":"Base scheduled task added","messageBody":"","fileTypesAndContributionMap":{"java":{"insertions":27,"deletions":0}}},{"hash":"e1d752ba93e92659431bb2ee384ce6f5494f3535","messageTitle":"Added auto-update status of activities","messageBody":"","fileTypesAndContributionMap":{"java":{"insertions":167,"deletions":21},"properties":{"insertions":8,"deletions":0}}},{"hash":"c77ef8a813d7b2a72475eab01f29b1a21baa05e3","messageTitle":"Fix tests for ActivityService","messageBody":"","fileTypesAndContributionMap":{"java":{"insertions":64,"deletions":6}}},{"hash":"f3723693c151e3ff18c05e30d4bcca76fb516db5","messageTitle":"Added more tests for ActivityService","messageBody":"","fileTypesAndContributionMap":{"java":{"insertions":17,"deletions":0}}},{"hash":"44f600f974198bc6e444f835f57bcbda970b1c60","messageTitle":"Added handlers from another branch","messageBody":"","fileTypesAndContributionMap":{"java":{"insertions":44,"deletions":24}}},{"hash":"7b02e366d79f4126d6185c568a4c05d2d9154a20","messageTitle":"Group-template fixed","messageBody":"","fileTypesAndContributionMap":{"java":{"insertions":122,"deletions":25}}}]}],"github-classroom[bot]":[{"date":"2022-09-29","commitResults":[{"hash":"d392ad85e6bea83a5187a5c8a65d3d2b26483451","messageTitle":"Initial commit","messageBody":"","fileTypesAndContributionMap":{"java":{"insertions":170,"deletions":0},"gitignore":{"insertions":39,"deletions":0},"xml":{"insertions":110,"deletions":0},"json":{"insertions":7,"deletions":0},"LICENSE":{"insertions":21,"deletions":0}}},{"hash":"6fadd8af452bdd94d326a847594794b919d55b03","messageTitle":"Add online IDE url","messageBody":"","fileTypesAndContributionMap":{"md":{"insertions":1,"deletions":0}}}]}]},"authorFileTypeContributionMap":{"Mishok":{"md":10,"xml":29,"java":2789,"properties":6,"MockMaker":1},"dgoptsii":{"xml":5,"java":766,"properties":10},"Mishok7889":{},"irazubrytska":{},"BlackKyiv":{"xml":125,"java":2529,"properties":21},"Anton Shabinskiy":{"yml":86,"xml":1},"Iryna Zubrytska":{"java":1877},"KateKolokhina":{"xml":5,"java":537},"github-classroom[bot]":{"LICENSE":21,"gitignore":39,"json":7,"xml":86,"java":79}},"authorContributionVariance":{"Mishok":41164.348,"dgoptsii":23470.266,"Mishok7889":0.0,"irazubrytska":270.9961,"BlackKyiv":50871.254,"Anton Shabinskiy":234.87927,"Iryna Zubrytska":44519.0,"KateKolokhina":8573.939,"github-classroom[bot]":1071.6327},"authorDisplayNameMap":{"Mishok":"Mishok","dgoptsii":"dgoptsii","Mishok7889":"Mishok7889","irazubrytska":"irazubrytska","BlackKyiv":"BlackKyiv","Anton Shabinskiy":"Anton Shabinskiy","Iryna Zubrytska":"Iryna Zubrytska","KateKolokhina":"KateKolokhina","github-classroom[bot]":"github-classroom[bot]"}}
