{"authorDailyContributionsMap":{"BezNastya":[],"Oleksandr Romaniuk":[],"yostashko":[{"date":"2022-11-19","commitResults":[{"hash":"c449d19abedd8305a31bd9257bc1422a7c2dc396","messageTitle":"Adding bot configuration","messageBody":"","fileTypesAndContributionMap":{"java":{"insertions":42,"deletions":1},"xml":{"insertions":66,"deletions":0},"yaml":{"insertions":14,"deletions":0}}}]},{"date":"2022-12-11","commitResults":[{"hash":"38c72508c4272b63c9a2abd283f62925ab10c957","messageTitle":"Adding some tests","messageBody":"","fileTypesAndContributionMap":{"java":{"insertions":177,"deletions":41},"xml":{"insertions":38,"deletions":38},"yaml":{"insertions":0,"deletions":14}}},{"hash":"22cc793242fa530f0e2192b345458933583ebdb3","messageTitle":"Adding some tests","messageBody":"","fileTypesAndContributionMap":{"java":{"insertions":126,"deletions":0}}}]}],"Марія-Валерія Гуза":[{"date":"2022-10-17","commitResults":[{"hash":"080732ecd3527b31fe86e9ea1c10a0f4c7bfa07c","messageTitle":"Add mongodb connection","messageBody":"","fileTypesAndContributionMap":{"java":{"insertions":15,"deletions":0}}}]},{"date":"2022-10-20","commitResults":[{"hash":"e63f5a347926be56ed459eb05574f3a1ca2feea5","messageTitle":"Add mongodb dependency to pom","messageBody":"","fileTypesAndContributionMap":{"xml":{"insertions":7,"deletions":1}}}]},{"date":"2022-11-05","commitResults":[{"hash":"9efc5dae9df518903390989ff5557760bde3cff7","messageTitle":"Add Topic model","messageBody":"","fileTypesAndContributionMap":{"java":{"insertions":28,"deletions":0},"xml":{"insertions":7,"deletions":0},"json":{"insertions":1,"deletions":1}}},{"hash":"be502230fcc4f53f37cde2226426fbd84c4c964b","messageTitle":"Add Project, Skill, SkillSet model","messageBody":"","fileTypesAndContributionMap":{"java":{"insertions":104,"deletions":0}}}]},{"date":"2022-11-07","commitResults":[{"hash":"6be5ec0031ad8fac8ea5047a4d7cdf8e18a2bc4a","messageTitle":"Add tests for Project, Skill, Topic, SkillSet model and correct model classes","messageBody":"","fileTypesAndContributionMap":{"java":{"insertions":281,"deletions":5}}}]},{"date":"2022-11-08","commitResults":[{"hash":"690e4ac26b56289ad791397079eb33ccf994b1d9","messageTitle":"Try to correct mistake with build","messageBody":"","fileTypesAndContributionMap":{"java":{"insertions":4,"deletions":4},"xml":{"insertions":5,"deletions":0}}},{"hash":"43a287cf0fcdae9bbda01b209974fb62a8520451","messageTitle":"Add additional test coverage","messageBody":"","fileTypesAndContributionMap":{"java":{"insertions":109,"deletions":9}}}]}],"ivanmaister7":[{"date":"2022-09-30","commitResults":[{"hash":"48a7b7a3ba20f7f6f34056925a658e9a11d25bb1","messageTitle":"Change Java version and first run","messageBody":"","fileTypesAndContributionMap":{"xml":{"insertions":2,"deletions":2}}},{"hash":"cee78ce0ff0c95877a095f31cd486d9adf91793b","messageTitle":"Add JSON mapper for bot request and add Unit test","messageBody":"","fileTypesAndContributionMap":{"java":{"insertions":97,"deletions":4},"xml":{"insertions":11,"deletions":0}}}]},{"date":"2022-10-11","commitResults":[{"hash":"12da3d180b5385e0b7848e43f415c66952ddbbe7","messageTitle":"Fix test failed.","messageBody":"","fileTypesAndContributionMap":{"java":{"insertions":23,"deletions":23}}},{"hash":"dd0d6263d7c2f1626bb992bb46e4972f0dee324b","messageTitle":"Fix test failed 2.","messageBody":"","fileTypesAndContributionMap":{"java":{"insertions":25,"deletions":25}}}]},{"date":"2022-10-20","commitResults":[{"hash":"6963c5320a07d329e74bea8c171ebf564cc52b0e","messageTitle":"Add some tests for coverage code.","messageBody":"","fileTypesAndContributionMap":{"java":{"insertions":240,"deletions":64},"xml":{"insertions":1,"deletions":2}}}]},{"date":"2022-12-01","commitResults":[{"hash":"5d8ef9ce9748feb1f4747ca98272f4992181840b","messageTitle":"Fix test failed 3.","messageBody":"","fileTypesAndContributionMap":{"java":{"insertions":25,"deletions":0}}},{"hash":"b776999081f6110968373d32d38d702d5e415878","messageTitle":"Add some tests for coverage code.","messageBody":"","fileTypesAndContributionMap":{"gitignore":{"insertions":8,"deletions":0},"xml":{"insertions":429,"deletions":0},"iml":{"insertions":9,"deletions":0}}},{"hash":"d9748163cb4945d17cbb71400df9005a0d26bd9a","messageTitle":"Add some tests for coverage code.","messageBody":"","fileTypesAndContributionMap":{"xml":{"insertions":1,"deletions":1}}},{"hash":"f2c5f214c0eba9f1bf84fdae7ecb2e079e4666ee","messageTitle":"Add some tests for coverage code new.","messageBody":"","fileTypesAndContributionMap":{"xml":{"insertions":53,"deletions":2}}},{"hash":"9f63242ccda1598e49cbad8840eac5728b2e7f4b","messageTitle":"Add some tests for coverage code without mongo.","messageBody":"","fileTypesAndContributionMap":{"xml":{"insertions":0,"deletions":52}}},{"hash":"4cc3a91e9c7b1b538269ba8d03d24f69f64d8a61","messageTitle":"Add more tests for coverage code without mongo.","messageBody":"","fileTypesAndContributionMap":{"java":{"insertions":26,"deletions":0}}},{"hash":"d880e0d3d148666143fdbe7305cef93027eafdbb","messageTitle":"Add Project Controller","messageBody":"","fileTypesAndContributionMap":{"java":{"insertions":23,"deletions":63},"xml":{"insertions":20,"deletions":182},"yaml":{"insertions":3,"deletions":1}}}]},{"date":"2022-12-02","commitResults":[{"hash":"a46b44ac65d7d24c32181665d6cb5250530265b4","messageTitle":"Add Skill Controller and tests for that and Project Controller","messageBody":"","fileTypesAndContributionMap":{"java":{"insertions":557,"deletions":50},"xml":{"insertions":7,"deletions":2}}},{"hash":"de0e47806f528ec989df9f4c1e126d5dcbbbc008","messageTitle":"Add SkillSetController and tests for that Controller","messageBody":"","fileTypesAndContributionMap":{"java":{"insertions":282,"deletions":6}}},{"hash":"838a151cf2c0d2475a5390ef8238ffd505dd1842","messageTitle":"Add TopicController and tests for that Controller","messageBody":"","fileTypesAndContributionMap":{"java":{"insertions":271,"deletions":24}}}]},{"date":"2022-12-06","commitResults":[{"hash":"57699889bcbd5ff2974f01a5bf6097625d4f683e","messageTitle":"FunctionTest fix","messageBody":"","fileTypesAndContributionMap":{"java":{"insertions":2,"deletions":1}}}]},{"date":"2022-12-07","commitResults":[{"hash":"17a6e80e1b892272b1ce22f0b083c8ddaf279be2","messageTitle":"Pull Request merge fix","messageBody":"","fileTypesAndContributionMap":{"java":{"insertions":21,"deletions":12}}}]},{"date":"2022-12-19","commitResults":[{"hash":"629cc49845f5d91847b666351cd740ca528216a4","messageTitle":"Fix Service tests for merging Controllers features","messageBody":"","fileTypesAndContributionMap":{"java":{"insertions":77,"deletions":20},"xml":{"insertions":1,"deletions":1},"yaml":{"insertions":0,"deletions":13}}},{"hash":"576eed9adabeff83c18f91639b0b3c9c0f89c538","messageTitle":"Add more tests","messageBody":"","fileTypesAndContributionMap":{"java":{"insertions":97,"deletions":24},"xml":{"insertions":10,"deletions":7}}},{"hash":"0c0445e3fb0425f450045231102677532fb6722f","messageTitle":"Delete .idea directory","messageBody":"delete trash files","fileTypesAndContributionMap":{"gitignore":{"insertions":0,"deletions":8},"xml":{"insertions":0,"deletions":1670},"iml":{"insertions":0,"deletions":9}}}]}],"Anton Shabinskiy":[{"date":"2022-10-03","commitResults":[{"hash":"73985ae2c209112099c644a41ece07d118ff144d","messageTitle":"Add or update the Azure App Service build and deployment workflow config","messageBody":"","fileTypesAndContributionMap":{"yml":{"insertions":43,"deletions":0}}},{"hash":"eebc107201defea9d48b4cc35616bc455fbba0a3","messageTitle":"Update master_kmaooad-independent-team.yml","messageBody":"","fileTypesAndContributionMap":{"yml":{"insertions":1,"deletions":1}}}]},{"date":"2022-10-14","commitResults":[{"hash":"fd49a08ffe5646afe3d467615f6f56d598ea95ee","messageTitle":"Setup CI","messageBody":"","fileTypesAndContributionMap":{"xml":{"insertions":28,"deletions":0},"yml":{"insertions":86,"deletions":43}}}]},{"date":"2022-10-16","commitResults":[{"hash":"4c562fdcac82361fc5c0d0b55340f0ce5629e9f7","messageTitle":"Rename deploy workflow [skip ci]","messageBody":"","fileTypesAndContributionMap":{"yml":{"insertions":1,"deletions":1}}}]}],"github-classroom[bot]":[{"date":"2022-09-30","commitResults":[{"hash":"f19ccdad7efcc36cc1599dd841a3934ab1cc1497","messageTitle":"Initial commit","messageBody":"","fileTypesAndContributionMap":{"java":{"insertions":170,"deletions":0},"gitignore":{"insertions":39,"deletions":0},"xml":{"insertions":110,"deletions":0},"json":{"insertions":7,"deletions":0},"LICENSE":{"insertions":21,"deletions":0}}},{"hash":"f2248d38377fa038452352e759cfc8e44cbe5b9b","messageTitle":"Add online IDE url","messageBody":"","fileTypesAndContributionMap":{"md":{"insertions":1,"deletions":0}}}]}],"OleksandRomaniuk":[{"date":"2022-11-13","commitResults":[{"hash":"565abdd7d4e8cdbaac53b4a7962d63496c9d12e3","messageTitle":"Create methods for Skill and Topic","messageBody":"","fileTypesAndContributionMap":{"java":{"insertions":216,"deletions":0}}}]},{"date":"2022-11-14","commitResults":[{"hash":"e9398e0640c99845b1776affa2450baa48ced7bf","messageTitle":"Update methods using DTO","messageBody":"","fileTypesAndContributionMap":{"java":{"insertions":16,"deletions":15}}},{"hash":"fd001b1182b7f196059edc7dc8300984c1ae25cf","messageTitle":"Refactoring","messageBody":"","fileTypesAndContributionMap":{"java":{"insertions":3,"deletions":3}}}]},{"date":"2022-11-24","commitResults":[{"hash":"61e2ba8486f9700e76bed5c1c2e7100f71f851e5","messageTitle":"Create test for Skill and Topic","messageBody":"","fileTypesAndContributionMap":{"java":{"insertions":131,"deletions":19}}}]},{"date":"2022-11-25","commitResults":[{"hash":"6a635f1eaff54e00d90b5306cb31a01df476d8fe","messageTitle":"Create test for SkillService","messageBody":"","fileTypesAndContributionMap":{"java":{"insertions":70,"deletions":0}}}]},{"date":"2022-11-28","commitResults":[{"hash":"b5dae5e03171f56a7f475de223ea93c378a2073b","messageTitle":"Delete SkillServiceTest.java","messageBody":"","fileTypesAndContributionMap":{"java":{"insertions":0,"deletions":70}}}]},{"date":"2022-12-12","commitResults":[{"hash":"7c70002794be183f342d92a2d55c7517d6dd0127","messageTitle":"Add new tests","messageBody":"","fileTypesAndContributionMap":{"java":{"insertions":175,"deletions":15}}}]}],"Anastasiia Bezruka":[{"date":"2022-10-24","commitResults":[{"hash":"e7b26f7280b032603533fa8da625a8ff8acb6687","messageTitle":"Add Spring (Spring Boot + Spring Cloud)","messageBody":"","fileTypesAndContributionMap":{"java":{"insertions":327,"deletions":133},"xml":{"insertions":71,"deletions":14}}}]},{"date":"2022-11-23","commitResults":[{"hash":"81ff9d5421e6498929298cfe4218c2f18a4e5ad6","messageTitle":"Create repositories \u0026 services for SkillSet \u0026 Project","messageBody":"","fileTypesAndContributionMap":{"java":{"insertions":520,"deletions":61},"xml":{"insertions":5,"deletions":10}}}]},{"date":"2022-11-24","commitResults":[{"hash":"7de06f4fe9f7445c311e7ddc82a4e3f69b4b7d37","messageTitle":"Create repositories \u0026 services for SkillSet \u0026 Project","messageBody":"","fileTypesAndContributionMap":{"java":{"insertions":792,"deletions":61},"xml":{"insertions":5,"deletions":10}}}]}],"Yevhenii":[]},"authorFileTypeContributionMap":{"BezNastya":{},"Oleksandr Romaniuk":{},"yostashko":{"xml":56,"java":300,"yaml":1},"Марія-Валерія Гуза":{"xml":16,"java":453},"ivanmaister7":{"xml":30,"java":1534,"yaml":2},"Anton Shabinskiy":{"yml":86,"xml":27},"github-classroom[bot]":{"LICENSE":21,"md":1,"gitignore":39,"json":7,"xml":90,"java":96},"OleksandRomaniuk":{"java":456},"Anastasiia Bezruka":{"xml":72,"java":1054},"Yevhenii":{}},"authorContributionVariance":{"BezNastya":0.0,"Oleksandr Romaniuk":0.0,"yostashko":1824.2233,"Марія-Валерія Гуза":1055.0753,"ivanmaister7":53841.36,"Anton Shabinskiy":239.08803,"github-classroom[bot]":1090.9363,"OleksandRomaniuk":1014.0053,"Anastasiia Bezruka":12445.2,"Yevhenii":0.0},"authorDisplayNameMap":{"BezNastya":"BezNastya","Oleksandr Romaniuk":"Oleksandr Romaniuk","yostashko":"yostashko","Марія-Валерія Гуза":"Марія-Валерія Гуза","ivanmaister7":"ivanmaister7","Anton Shabinskiy":"Anton Shabinskiy","github-classroom[bot]":"github-classroom[bot]","OleksandRomaniuk":"OleksandRomaniuk","Anastasiia Bezruka":"Anastasiia Bezruka","Yevhenii":"Yevhenii"}}
