{"authorDailyContributionsMap":{"BezNastya":[],"Oleksandr Romaniuk":[],"yostashko":[{"date":"2022-12-11","commitResults":[{"hash":"38c72508c4272b63c9a2abd283f62925ab10c957","messageTitle":"Adding some tests","messageBody":"","fileTypesAndContributionMap":{"java":{"insertions":177,"deletions":41},"xml":{"insertions":38,"deletions":38},"yaml":{"insertions":0,"deletions":14}}},{"hash":"22cc793242fa530f0e2192b345458933583ebdb3","messageTitle":"Adding some tests","messageBody":"","fileTypesAndContributionMap":{"java":{"insertions":126,"deletions":0}}}]}],"ivanmaister7":[{"date":"2022-12-01","commitResults":[{"hash":"5d8ef9ce9748feb1f4747ca98272f4992181840b","messageTitle":"Fix test failed 3.","messageBody":"","fileTypesAndContributionMap":{"java":{"insertions":25,"deletions":0}}},{"hash":"b776999081f6110968373d32d38d702d5e415878","messageTitle":"Add some tests for coverage code.","messageBody":"","fileTypesAndContributionMap":{"gitignore":{"insertions":8,"deletions":0},"xml":{"insertions":429,"deletions":0},"iml":{"insertions":9,"deletions":0}}},{"hash":"d9748163cb4945d17cbb71400df9005a0d26bd9a","messageTitle":"Add some tests for coverage code.","messageBody":"","fileTypesAndContributionMap":{"xml":{"insertions":1,"deletions":1}}},{"hash":"f2c5f214c0eba9f1bf84fdae7ecb2e079e4666ee","messageTitle":"Add some tests for coverage code new.","messageBody":"","fileTypesAndContributionMap":{"xml":{"insertions":53,"deletions":2}}},{"hash":"9f63242ccda1598e49cbad8840eac5728b2e7f4b","messageTitle":"Add some tests for coverage code without mongo.","messageBody":"","fileTypesAndContributionMap":{"xml":{"insertions":0,"deletions":52}}},{"hash":"4cc3a91e9c7b1b538269ba8d03d24f69f64d8a61","messageTitle":"Add more tests for coverage code without mongo.","messageBody":"","fileTypesAndContributionMap":{"java":{"insertions":26,"deletions":0}}},{"hash":"d880e0d3d148666143fdbe7305cef93027eafdbb","messageTitle":"Add Project Controller","messageBody":"","fileTypesAndContributionMap":{"java":{"insertions":23,"deletions":63},"xml":{"insertions":20,"deletions":182},"yaml":{"insertions":3,"deletions":1}}}]},{"date":"2022-12-02","commitResults":[{"hash":"a46b44ac65d7d24c32181665d6cb5250530265b4","messageTitle":"Add Skill Controller and tests for that and Project Controller","messageBody":"","fileTypesAndContributionMap":{"java":{"insertions":557,"deletions":50},"xml":{"insertions":7,"deletions":2}}},{"hash":"de0e47806f528ec989df9f4c1e126d5dcbbbc008","messageTitle":"Add SkillSetController and tests for that Controller","messageBody":"","fileTypesAndContributionMap":{"java":{"insertions":282,"deletions":6}}},{"hash":"838a151cf2c0d2475a5390ef8238ffd505dd1842","messageTitle":"Add TopicController and tests for that Controller","messageBody":"","fileTypesAndContributionMap":{"java":{"insertions":271,"deletions":24}}}]},{"date":"2022-12-06","commitResults":[{"hash":"57699889bcbd5ff2974f01a5bf6097625d4f683e","messageTitle":"FunctionTest fix","messageBody":"","fileTypesAndContributionMap":{"java":{"insertions":2,"deletions":1}}}]},{"date":"2022-12-07","commitResults":[{"hash":"17a6e80e1b892272b1ce22f0b083c8ddaf279be2","messageTitle":"Pull Request merge fix","messageBody":"","fileTypesAndContributionMap":{"java":{"insertions":21,"deletions":12}}}]},{"date":"2022-12-19","commitResults":[{"hash":"629cc49845f5d91847b666351cd740ca528216a4","messageTitle":"Fix Service tests for merging Controllers features","messageBody":"","fileTypesAndContributionMap":{"java":{"insertions":77,"deletions":20},"xml":{"insertions":1,"deletions":1},"yaml":{"insertions":0,"deletions":13}}},{"hash":"576eed9adabeff83c18f91639b0b3c9c0f89c538","messageTitle":"Add more tests","messageBody":"","fileTypesAndContributionMap":{"java":{"insertions":97,"deletions":24},"xml":{"insertions":10,"deletions":7}}},{"hash":"0c0445e3fb0425f450045231102677532fb6722f","messageTitle":"Delete .idea directory","messageBody":"delete trash files","fileTypesAndContributionMap":{"gitignore":{"insertions":0,"deletions":8},"xml":{"insertions":0,"deletions":1670},"iml":{"insertions":0,"deletions":9}}}]}],"OleksandRomaniuk":[{"date":"2022-11-24","commitResults":[{"hash":"61e2ba8486f9700e76bed5c1c2e7100f71f851e5","messageTitle":"Create test for Skill and Topic","messageBody":"","fileTypesAndContributionMap":{"java":{"insertions":131,"deletions":19}}}]},{"date":"2022-11-25","commitResults":[{"hash":"6a635f1eaff54e00d90b5306cb31a01df476d8fe","messageTitle":"Create test for SkillService","messageBody":"","fileTypesAndContributionMap":{"java":{"insertions":70,"deletions":0}}}]},{"date":"2022-11-28","commitResults":[{"hash":"b5dae5e03171f56a7f475de223ea93c378a2073b","messageTitle":"Delete SkillServiceTest.java","messageBody":"","fileTypesAndContributionMap":{"java":{"insertions":0,"deletions":70}}}]},{"date":"2022-12-12","commitResults":[{"hash":"7c70002794be183f342d92a2d55c7517d6dd0127","messageTitle":"Add new tests","messageBody":"","fileTypesAndContributionMap":{"java":{"insertions":175,"deletions":15}}}]}],"Anastasiia Bezruka":[{"date":"2022-11-24","commitResults":[{"hash":"7de06f4fe9f7445c311e7ddc82a4e3f69b4b7d37","messageTitle":"Create repositories \u0026 services for SkillSet \u0026 Project","messageBody":"","fileTypesAndContributionMap":{"java":{"insertions":792,"deletions":61},"xml":{"insertions":5,"deletions":10}}}]}],"Yevhenii":[]},"authorFileTypeContributionMap":{"BezNastya":{},"Oleksandr Romaniuk":{},"yostashko":{"xml":38,"java":299},"ivanmaister7":{"xml":13,"java":1304,"yaml":2},"OleksandRomaniuk":{"java":287},"Anastasiia Bezruka":{},"Yevhenii":{}},"authorContributionVariance":{"BezNastya":0.0,"Oleksandr Romaniuk":0.0,"yostashko":6965.8306,"ivanmaister7":206152.31,"OleksandRomaniuk":2289.941,"Anastasiia Bezruka":27863.342,"Yevhenii":0.0},"authorDisplayNameMap":{"BezNastya":"BezNastya","Oleksandr Romaniuk":"Oleksandr Romaniuk","yostashko":"yostashko","ivanmaister7":"ivanmaister7","OleksandRomaniuk":"OleksandRomaniuk","Anastasiia Bezruka":"Anastasiia Bezruka","Yevhenii":"Yevhenii"}}
