{"authorDailyContributionsMap":{"Max":[{"date":"2022-10-04","commitResults":[{"hash":"ecdd4f14e881318a17cb055ccc754913f091da8b","messageTitle":"Add \"message_id\" processing","messageBody":"","fileTypesAndContributionMap":{"java":{"insertions":33,"deletions":0}}},{"hash":"0dff5b73fc40afff26faa0aaae2e0f8e9f9d0fe4","messageTitle":"Add missing dependencies","messageBody":"","fileTypesAndContributionMap":{"xml":{"insertions":5,"deletions":0}}}]}],"Anton Shabinskiy":[{"date":"2022-10-03","commitResults":[{"hash":"e1b822aa4f8b2b2733613d4308df081abcff70a9","messageTitle":"Add or update the Azure App Service build and deployment workflow config","messageBody":"","fileTypesAndContributionMap":{"yml":{"insertions":43,"deletions":0}}},{"hash":"72e7996f59f525fc54a69aae64f265d266c457fd","messageTitle":"Update master_kmaooad-manticore.yml","messageBody":"","fileTypesAndContributionMap":{"yml":{"insertions":1,"deletions":1}}}]},{"date":"2022-10-14","commitResults":[{"hash":"7fdbb56f48e8ecefd7e6e593b9b98b2eb8c5d97d","messageTitle":"Setup CI","messageBody":"","fileTypesAndContributionMap":{"xml":{"insertions":37,"deletions":9},"yml":{"insertions":86,"deletions":43}}},{"hash":"28778def5095673e951e8c4e47a0683139f2e465","messageTitle":"Fix pom","messageBody":"","fileTypesAndContributionMap":{"xml":{"insertions":9,"deletions":17}}},{"hash":"0574456aee9a577760d306223d54c5f1d5c5bd6d","messageTitle":"Require tests","messageBody":"","fileTypesAndContributionMap":{"xml":{"insertions":19,"deletions":4}}}]},{"date":"2022-10-16","commitResults":[{"hash":"9dafb222d991900dbd895d16860ab6e1cbf49ddf","messageTitle":"Rename deployment workflow [skip ci]","messageBody":"","fileTypesAndContributionMap":{"yml":{"insertions":1,"deletions":1}}}]}],"IhorYehorov":[{"date":"2022-10-10","commitResults":[{"hash":"356ab2026520e309c0d49229e4a4a9f95b696127","messageTitle":"Add missing import","messageBody":"","fileTypesAndContributionMap":{"java":{"insertions":2,"deletions":0}}}]},{"date":"2022-10-13","commitResults":[{"hash":"1b88c7dcab0b6607b5cd9c7af770a416a5cfc752","messageTitle":"Move MessageId logic to TelegramWebhook","messageBody":"","fileTypesAndContributionMap":{"java":{"insertions":0,"deletions":151}}}]}],"github-classroom[bot]":[{"date":"2022-10-02","commitResults":[{"hash":"e28d5e5e32bd78261fe953640668bcd6e923325b","messageTitle":"Initial commit","messageBody":"","fileTypesAndContributionMap":{"java":{"insertions":170,"deletions":0},"gitignore":{"insertions":39,"deletions":0},"xml":{"insertions":110,"deletions":0},"json":{"insertions":7,"deletions":0},"LICENSE":{"insertions":21,"deletions":0}}},{"hash":"a37a3c5341ce8c082b37cbb80c45631864549b9a","messageTitle":"Add online IDE url","messageBody":"","fileTypesAndContributionMap":{"md":{"insertions":1,"deletions":0}}}]}],"Ihor Yehorov":[],"ihor.ye":[{"date":"2022-11-01","commitResults":[{"hash":"aafbf12217921baeadc482a6aec1421764784c6d","messageTitle":"Add saving messages to mongodb","messageBody":"","fileTypesAndContributionMap":{"java":{"insertions":203,"deletions":18},"xml":{"insertions":52,"deletions":5}}}]},{"date":"2022-11-02","commitResults":[{"hash":"79180f2acd8159e035a1a61cd33aa98d0f6c771a","messageTitle":"Update connection uri","messageBody":"","fileTypesAndContributionMap":{"java":{"insertions":8,"deletions":3}}}]}]},"authorFileTypeContributionMap":{"Max":{"xml":5,"java":4},"Anton Shabinskiy":{"yml":86},"IhorYehorov":{"java":1},"github-classroom[bot]":{"LICENSE":21,"md":1,"gitignore":39,"json":7,"xml":106,"java":32},"Ihor Yehorov":{},"ihor.ye":{"xml":51,"java":207}},"authorContributionVariance":{"Max":22.55679,"Anton Shabinskiy":810.1472,"IhorYehorov":356.0863,"github-classroom[bot]":1891.7748,"Ihor Yehorov":0.0,"ihor.ye":1207.6074},"authorDisplayNameMap":{"Max":"Max","Anton Shabinskiy":"Anton Shabinskiy","IhorYehorov":"IhorYehorov","github-classroom[bot]":"github-classroom[bot]","Ihor Yehorov":"Ihor Yehorov","ihor.ye":"ihor.ye"}}
