{"authorDailyContributionsMap":{"Stas Boguta":[{"date":"2022-12-19","commitResults":[{"hash":"524391e17d9e2fddbe1e22ae02d2bc239dcb63de","messageTitle":"added create competences functionality","messageBody":"","fileTypesAndContributionMap":{"java":{"insertions":191,"deletions":11}}},{"hash":"9dce0d521a0d3edee3bd97ff6e223b863e667e74","messageTitle":"created get competences for activity","messageBody":"","fileTypesAndContributionMap":{"java":{"insertions":119,"deletions":1}}}]},{"date":"2022-12-20","commitResults":[{"hash":"945e600553a019cc4398d202eb6f645b5dbeec84","messageTitle":"added update functionality for competences","messageBody":"","fileTypesAndContributionMap":{"java":{"insertions":265,"deletions":1}}},{"hash":"ca6e39e8f66dad99ade0ebe6fbffb4b296375579","messageTitle":"added delete functionality for competences","messageBody":"","fileTypesAndContributionMap":{"java":{"insertions":191,"deletions":0}}},{"hash":"6841000a172e2ad66ddce262b59682955fbfea67","messageTitle":"created tests for competences create","messageBody":"","fileTypesAndContributionMap":{"java":{"insertions":205,"deletions":41}}},{"hash":"28655ade32e6caf09e3833fabdd3a64465d57e86","messageTitle":"added competences tests","messageBody":"","fileTypesAndContributionMap":{"java":{"insertions":118,"deletions":0}}},{"hash":"d8ba6ba46108a8175723c8e0e2fd7d6b21348262","messageTitle":"created tests for competences delte","messageBody":"","fileTypesAndContributionMap":{"java":{"insertions":186,"deletions":0}}},{"hash":"f7b346741e627a093786188ae7c901932fbd4935","messageTitle":"added tests for competence update","messageBody":"","fileTypesAndContributionMap":{"java":{"insertions":246,"deletions":4}}}]}],"Bohdan Voilov":[{"date":"2022-10-16","commitResults":[{"hash":"b6def5b613879a623c6b64487a1837ad15522826","messageTitle":"Add always passing dummy test","messageBody":"","fileTypesAndContributionMap":{"java":{"insertions":8,"deletions":0}}},{"hash":"737d555e4e6417fe4308b3fb935ea0f5833fb952","messageTitle":"Update to java 19 and add saving message to mongo","messageBody":"","fileTypesAndContributionMap":{"java":{"insertions":30,"deletions":1},"xml":{"insertions":6,"deletions":1}}}]}],"VladKozyr":[{"date":"2022-10-17","commitResults":[{"hash":"9164da15aa9d1545f95a83179a1e84dc4458bcc3","messageTitle":"ref: update code style","messageBody":"","fileTypesAndContributionMap":{"java":{"insertions":19,"deletions":7}}},{"hash":"21f9aeae04dd58785cd2c22102436471302575ef","messageTitle":"build: update deps version","messageBody":"","fileTypesAndContributionMap":{"xml":{"insertions":4,"deletions":4}}},{"hash":"e29a10fdf1c14ad1adf6480d7b1ad701a3d232c1","messageTitle":"feat: add unit tests","messageBody":"","fileTypesAndContributionMap":{"java":{"insertions":231,"deletions":44}}},{"hash":"afb5cba6cb1b8a56b667c7274c49ec78dca4b94a","messageTitle":"feat: update unit tests","messageBody":"","fileTypesAndContributionMap":{"java":{"insertions":14,"deletions":14}}},{"hash":"30ef501f8c37d10f0b84df8ceabe69ac14dc434b","messageTitle":"feat: optimize code coverage","messageBody":"","fileTypesAndContributionMap":{"java":{"insertions":25,"deletions":53}}}]},{"date":"2022-11-10","commitResults":[{"hash":"ab209f91ec2db58e1e60d0194e8a54171fd631d0","messageTitle":"feat: spring cloud mvp","messageBody":"","fileTypesAndContributionMap":{"java":{"insertions":213,"deletions":216},"xml":{"insertions":7,"deletions":3},"properties":{"insertions":3,"deletions":0}}},{"hash":"fa83895e1f9aec8f60529cc954cde366dc5cada5","messageTitle":"feat: update test for spring cloud","messageBody":"","fileTypesAndContributionMap":{"java":{"insertions":111,"deletions":103},"xml":{"insertions":22,"deletions":5}}}]},{"date":"2022-11-13","commitResults":[{"hash":"0a6472e052840c821cd53ba1337552aeb47420e3","messageTitle":"feat: local development stage","messageBody":"","fileTypesAndContributionMap":{"md":{"insertions":46,"deletions":1}}},{"hash":"f26d017a2b8251af399e7ad1a49a3b7c836913c5","messageTitle":"feat: postman collections","messageBody":"","fileTypesAndContributionMap":{"json":{"insertions":68,"deletions":0}}}]},{"date":"2022-11-30","commitResults":[{"hash":"e5fc0620f1e5cd46dd658c43cf7a7492b6900812","messageTitle":"feat: mvp bot state management","messageBody":"","fileTypesAndContributionMap":{"java":{"insertions":772,"deletions":164},"xml":{"insertions":6,"deletions":0},"json":{"insertions":9,"deletions":0},"properties":{"insertions":2,"deletions":0}}},{"hash":"a676c58fce3cdba0de500ced96f56551743964ca","messageTitle":"feat: simple test case for webhook","messageBody":"","fileTypesAndContributionMap":{"java":{"insertions":45,"deletions":53}}},{"hash":"2c88d33080541641b04383ec333066e54e347c71","messageTitle":"feat: tests for webhook handler","messageBody":"","fileTypesAndContributionMap":{"java":{"insertions":86,"deletions":41}}},{"hash":"947dae131d0865776f4757089f66e381289c66bb","messageTitle":"feat: tests for webhook","messageBody":"","fileTypesAndContributionMap":{"java":{"insertions":238,"deletions":115}}}]},{"date":"2022-12-01","commitResults":[{"hash":"5f20d0353137e2cac9419880b1de3b75d4fdd995","messageTitle":"feat: tests for course service","messageBody":"","fileTypesAndContributionMap":{"java":{"insertions":92,"deletions":2}}},{"hash":"cf1344181453cb259b349162aad1f13735857984","messageTitle":"feat: tests for session service","messageBody":"","fileTypesAndContributionMap":{"java":{"insertions":297,"deletions":32}}},{"hash":"d948349f506c070f0c20c68b006f4e133475ba73","messageTitle":"feat: tests for dispatcher","messageBody":"","fileTypesAndContributionMap":{"java":{"insertions":189,"deletions":0}}},{"hash":"4e8f3c33dc0366952d04b2ad7712eded7c961916","messageTitle":"feat: tests for state machine","messageBody":"","fileTypesAndContributionMap":{"java":{"insertions":130,"deletions":12}}},{"hash":"7f14ef8186cd8198669ada72ed63299efca17562","messageTitle":"feat: tests for course handlers","messageBody":"","fileTypesAndContributionMap":{"java":{"insertions":202,"deletions":0}}}]}],"Stanislav Bohuta":[],"Anton Shabinskiy":[{"date":"2022-10-03","commitResults":[{"hash":"090997190ef4732321e462603ac0c6194b8eab94","messageTitle":"Add or update the Azure App Service build and deployment workflow config","messageBody":"","fileTypesAndContributionMap":{"yml":{"insertions":43,"deletions":0}}},{"hash":"7615bff160e1de4849318c8493c6a9b7c48856c0","messageTitle":"Update master_kmaooad-stalevary.yml","messageBody":"","fileTypesAndContributionMap":{"yml":{"insertions":1,"deletions":1}}}]},{"date":"2022-10-14","commitResults":[{"hash":"f4913dcc88a56819630888e2e45e09ce58d5afa9","messageTitle":"Setup CI","messageBody":"","fileTypesAndContributionMap":{"xml":{"insertions":28,"deletions":0},"yml":{"insertions":86,"deletions":43}}}]},{"date":"2022-10-16","commitResults":[{"hash":"061d9c15421ad80020b5aa0984fd3931e39cb969","messageTitle":"Rename deploy workflow [skip ci]","messageBody":"","fileTypesAndContributionMap":{"yml":{"insertions":1,"deletions":1}}}]}],"Danil":[],"Dmytro Zhornyk":[{"date":"2022-12-12","commitResults":[{"hash":"8f9ab92d7849b36ab5ad65f05b2f13cecc0d410c","messageTitle":"CAP-7 add extracurricular activities (#4)","messageBody":"","fileTypesAndContributionMap":{"java":{"insertions":1811,"deletions":32},"xml":{"insertions":2,"deletions":2}}}]}],"dzhornyk":[{"date":"2022-10-02","commitResults":[{"hash":"5733308f7c422eed5ec3a53ee975bac3e0e72ed2","messageTitle":"task 1","messageBody":"","fileTypesAndContributionMap":{"java":{"insertions":9,"deletions":10},"xml":{"insertions":8,"deletions":1}}}]},{"date":"2022-10-11","commitResults":[{"hash":"a2436c0f19deec754918a3f7ce1860c15f2db70f","messageTitle":"remove test","messageBody":"","fileTypesAndContributionMap":{"java":{"insertions":0,"deletions":49}}}]},{"date":"2022-10-16","commitResults":[{"hash":"c194dbae64e16fb6ccbb4ad08db19ad711ca41b6","messageTitle":"test java 11","messageBody":"","fileTypesAndContributionMap":{"xml":{"insertions":1,"deletions":1}}},{"hash":"76430dbd18d16d5e074e17d2c4f5157910d4c4f2","messageTitle":"update java","messageBody":"","fileTypesAndContributionMap":{"gitignore":{"insertions":1,"deletions":1},"xml":{"insertions":2,"deletions":2},"yml":{"insertions":4,"deletions":5}}}]}],"github-classroom[bot]":[{"date":"2022-09-28","commitResults":[{"hash":"f443a8fa8b2dcdf5a457ccd70935330ed2096930","messageTitle":"Initial commit","messageBody":"","fileTypesAndContributionMap":{"java":{"insertions":170,"deletions":0},"gitignore":{"insertions":39,"deletions":0},"xml":{"insertions":110,"deletions":0},"json":{"insertions":7,"deletions":0},"LICENSE":{"insertions":21,"deletions":0}}},{"hash":"01ce9d983991dd187df055047dc14ed54a57bc03","messageTitle":"Add online IDE url","messageBody":"","fileTypesAndContributionMap":{"md":{"insertions":1,"deletions":0}}}]}],"Danylo Makarenko":[{"date":"2022-10-21","commitResults":[{"hash":"d0d83840cf1a44e716fcc564913e5f8552eb9be7","messageTitle":"add spring cloud functions","messageBody":"","fileTypesAndContributionMap":{"java":{"insertions":85,"deletions":18},"xml":{"insertions":86,"deletions":19}}}]},{"date":"2022-12-20","commitResults":[{"hash":"e1fa1c29f86299f0a4288fce41bb1364149ec4f6","messageTitle":"bulk import for courses","messageBody":"","fileTypesAndContributionMap":{"java":{"insertions":793,"deletions":4},"xml":{"insertions":6,"deletions":0},"csv":{"insertions":8,"deletions":0}}}]},{"date":"2022-12-21","commitResults":[{"hash":"b0702a3acf8f187a8e9c3e64b42a8b240c81d1ee","messageTitle":"tests","messageBody":"","fileTypesAndContributionMap":{"java":{"insertions":83,"deletions":5}}}]}]},"authorFileTypeContributionMap":{"Stas Boguta":{"java":1474},"Bohdan Voilov":{"xml":2},"VladKozyr":{"md":46,"xml":36,"java":1875,"json":77,"properties":5},"Stanislav Bohuta":{},"Anton Shabinskiy":{"yml":83,"xml":28},"Danil":{},"Dmytro Zhornyk":{"xml":2,"java":1797},"dzhornyk":{"yml":2,"gitignore":1,"xml":9},"github-classroom[bot]":{"gitignore":38,"LICENSE":21,"json":7,"xml":100,"java":96},"Danylo Makarenko":{"xml":73,"java":899,"csv":8}},"authorContributionVariance":{"Stas Boguta":14834.569,"Bohdan Voilov":18.72418,"VladKozyr":33817.87,"Stanislav Bohuta":0.0,"Anton Shabinskiy":234.87927,"Danil":0.0,"Dmytro Zhornyk":30187.057,"dzhornyk":30.313421,"github-classroom[bot]":1071.6328,"Danylo Makarenko":6230.2456},"authorDisplayNameMap":{"Stas Boguta":"Stas Boguta","Bohdan Voilov":"Bohdan Voilov","VladKozyr":"VladKozyr","Stanislav Bohuta":"Stanislav Bohuta","Anton Shabinskiy":"Anton Shabinskiy","Danil":"Danil","Dmytro Zhornyk":"Dmytro Zhornyk","dzhornyk":"dzhornyk","github-classroom[bot]":"github-classroom[bot]","Danylo Makarenko":"Danylo Makarenko"}}
