{"authorDailyContributionsMap":{"Stas Boguta":[{"date":"2022-12-19","commitResults":[{"hash":"524391e17d9e2fddbe1e22ae02d2bc239dcb63de","messageTitle":"added create competences functionality","messageBody":"","fileTypesAndContributionMap":{"java":{"insertions":191,"deletions":11}}},{"hash":"9dce0d521a0d3edee3bd97ff6e223b863e667e74","messageTitle":"created get competences for activity","messageBody":"","fileTypesAndContributionMap":{"java":{"insertions":119,"deletions":1}}}]},{"date":"2022-12-20","commitResults":[{"hash":"945e600553a019cc4398d202eb6f645b5dbeec84","messageTitle":"added update functionality for competences","messageBody":"","fileTypesAndContributionMap":{"java":{"insertions":265,"deletions":1}}},{"hash":"ca6e39e8f66dad99ade0ebe6fbffb4b296375579","messageTitle":"added delete functionality for competences","messageBody":"","fileTypesAndContributionMap":{"java":{"insertions":191,"deletions":0}}},{"hash":"6841000a172e2ad66ddce262b59682955fbfea67","messageTitle":"created tests for competences create","messageBody":"","fileTypesAndContributionMap":{"java":{"insertions":205,"deletions":41}}},{"hash":"28655ade32e6caf09e3833fabdd3a64465d57e86","messageTitle":"added competences tests","messageBody":"","fileTypesAndContributionMap":{"java":{"insertions":118,"deletions":0}}},{"hash":"d8ba6ba46108a8175723c8e0e2fd7d6b21348262","messageTitle":"created tests for competences delte","messageBody":"","fileTypesAndContributionMap":{"java":{"insertions":186,"deletions":0}}},{"hash":"f7b346741e627a093786188ae7c901932fbd4935","messageTitle":"added tests for competence update","messageBody":"","fileTypesAndContributionMap":{"java":{"insertions":246,"deletions":4}}}]}],"VladKozyr":[{"date":"2022-11-30","commitResults":[{"hash":"e5fc0620f1e5cd46dd658c43cf7a7492b6900812","messageTitle":"feat: mvp bot state management","messageBody":"","fileTypesAndContributionMap":{"java":{"insertions":772,"deletions":164},"xml":{"insertions":6,"deletions":0},"json":{"insertions":9,"deletions":0},"properties":{"insertions":2,"deletions":0}}},{"hash":"a676c58fce3cdba0de500ced96f56551743964ca","messageTitle":"feat: simple test case for webhook","messageBody":"","fileTypesAndContributionMap":{"java":{"insertions":45,"deletions":53}}},{"hash":"2c88d33080541641b04383ec333066e54e347c71","messageTitle":"feat: tests for webhook handler","messageBody":"","fileTypesAndContributionMap":{"java":{"insertions":86,"deletions":41}}},{"hash":"947dae131d0865776f4757089f66e381289c66bb","messageTitle":"feat: tests for webhook","messageBody":"","fileTypesAndContributionMap":{"java":{"insertions":238,"deletions":115}}}]},{"date":"2022-12-01","commitResults":[{"hash":"5f20d0353137e2cac9419880b1de3b75d4fdd995","messageTitle":"feat: tests for course service","messageBody":"","fileTypesAndContributionMap":{"java":{"insertions":92,"deletions":2}}},{"hash":"cf1344181453cb259b349162aad1f13735857984","messageTitle":"feat: tests for session service","messageBody":"","fileTypesAndContributionMap":{"java":{"insertions":297,"deletions":32}}},{"hash":"d948349f506c070f0c20c68b006f4e133475ba73","messageTitle":"feat: tests for dispatcher","messageBody":"","fileTypesAndContributionMap":{"java":{"insertions":189,"deletions":0}}},{"hash":"4e8f3c33dc0366952d04b2ad7712eded7c961916","messageTitle":"feat: tests for state machine","messageBody":"","fileTypesAndContributionMap":{"java":{"insertions":130,"deletions":12}}},{"hash":"7f14ef8186cd8198669ada72ed63299efca17562","messageTitle":"feat: tests for course handlers","messageBody":"","fileTypesAndContributionMap":{"java":{"insertions":202,"deletions":0}}}]}],"Stanislav Bohuta":[],"Danil":[],"Dmytro Zhornyk":[{"date":"2022-12-12","commitResults":[{"hash":"8f9ab92d7849b36ab5ad65f05b2f13cecc0d410c","messageTitle":"CAP-7 add extracurricular activities (#4)","messageBody":"","fileTypesAndContributionMap":{"java":{"insertions":1811,"deletions":32},"xml":{"insertions":2,"deletions":2}}}]}],"Danylo Makarenko":[{"date":"2022-12-20","commitResults":[{"hash":"e1fa1c29f86299f0a4288fce41bb1364149ec4f6","messageTitle":"bulk import for courses","messageBody":"","fileTypesAndContributionMap":{"java":{"insertions":793,"deletions":4},"xml":{"insertions":6,"deletions":0},"csv":{"insertions":8,"deletions":0}}}]},{"date":"2022-12-21","commitResults":[{"hash":"b0702a3acf8f187a8e9c3e64b42a8b240c81d1ee","messageTitle":"tests","messageBody":"","fileTypesAndContributionMap":{"java":{"insertions":83,"deletions":5}}}]}]},"authorFileTypeContributionMap":{"Stas Boguta":{"java":1474},"VladKozyr":{"xml":6,"java":1791,"json":9,"properties":2},"Stanislav Bohuta":{},"Danil":{},"Dmytro Zhornyk":{"xml":2,"java":1793},"Danylo Makarenko":{"xml":6,"java":874,"csv":8}},"authorContributionVariance":{"Stas Boguta":56953.168,"VladKozyr":108464.23,"Stanislav Bohuta":0.0,"Danil":0.0,"Dmytro Zhornyk":117484.74,"Danylo Makarenko":22735.738},"authorDisplayNameMap":{"Stas Boguta":"Stas Boguta","VladKozyr":"VladKozyr","Stanislav Bohuta":"Stanislav Bohuta","Danil":"Danil","Dmytro Zhornyk":"Dmytro Zhornyk","Danylo Makarenko":"Danylo Makarenko"}}
