[{"path":".github/workflows/ci.yml","fileType":"yml","lines":[{"lineNumber":1,"author":{"gitId":"Anton Shabinskiy"},"content":"name: CI"},{"lineNumber":2,"author":{"gitId":"Anton Shabinskiy"},"content":""},{"lineNumber":3,"author":{"gitId":"Anton Shabinskiy"},"content":"on:"},{"lineNumber":4,"author":{"gitId":"Anton Shabinskiy"},"content":"  pull_request:"},{"lineNumber":5,"author":{"gitId":"Anton Shabinskiy"},"content":"  push:"},{"lineNumber":6,"author":{"gitId":"Anton Shabinskiy"},"content":"    branches:"},{"lineNumber":7,"author":{"gitId":"Anton Shabinskiy"},"content":"      - master"},{"lineNumber":8,"author":{"gitId":"Anton Shabinskiy"},"content":"  workflow_dispatch:"},{"lineNumber":9,"author":{"gitId":"Anton Shabinskiy"},"content":""},{"lineNumber":10,"author":{"gitId":"Anton Shabinskiy"},"content":"env:"},{"lineNumber":11,"author":{"gitId":"Anton Shabinskiy"},"content":"  PACKAGE_DIRECTORY: \u0027./kmaooad-functions\u0027 # set this to the directory which contains pom.xml file"},{"lineNumber":12,"author":{"gitId":"Anton Shabinskiy"},"content":"  JAVA_VERSION: \u002711\u0027 # set this to the java version to use"},{"lineNumber":13,"author":{"gitId":"Anton Shabinskiy"},"content":""},{"lineNumber":14,"author":{"gitId":"Anton Shabinskiy"},"content":"jobs:"},{"lineNumber":15,"author":{"gitId":"Anton Shabinskiy"},"content":"  build-and-test:"},{"lineNumber":16,"author":{"gitId":"Anton Shabinskiy"},"content":"    runs-on: windows-latest"},{"lineNumber":17,"author":{"gitId":"Anton Shabinskiy"},"content":"    steps:"},{"lineNumber":18,"author":{"gitId":"Anton Shabinskiy"},"content":"      - name: \u0027Checkout GitHub Action\u0027"},{"lineNumber":19,"author":{"gitId":"Anton Shabinskiy"},"content":"        uses: actions/checkout@v2"},{"lineNumber":20,"author":{"gitId":"Anton Shabinskiy"},"content":""},{"lineNumber":21,"author":{"gitId":"Anton Shabinskiy"},"content":"      - name: Setup Java Sdk ${{ env.JAVA_VERSION }}"},{"lineNumber":22,"author":{"gitId":"Anton Shabinskiy"},"content":"        uses: actions/setup-java@v1"},{"lineNumber":23,"author":{"gitId":"Anton Shabinskiy"},"content":"        with:"},{"lineNumber":24,"author":{"gitId":"Anton Shabinskiy"},"content":"          java-version: ${{ env.JAVA_VERSION }}"},{"lineNumber":25,"author":{"gitId":"Anton Shabinskiy"},"content":""},{"lineNumber":26,"author":{"gitId":"Anton Shabinskiy"},"content":"      - name: Install dependencies"},{"lineNumber":27,"author":{"gitId":"Anton Shabinskiy"},"content":"        shell: pwsh"},{"lineNumber":28,"author":{"gitId":"Anton Shabinskiy"},"content":"        run: |"},{"lineNumber":29,"author":{"gitId":"Anton Shabinskiy"},"content":"          pushd \u0027./${{ env.PACKAGE_DIRECTORY }}\u0027"},{"lineNumber":30,"author":{"gitId":"Anton Shabinskiy"},"content":"          mvn install -DskipTests\u003dtrue -B -V"},{"lineNumber":31,"author":{"gitId":"Anton Shabinskiy"},"content":"          popd"},{"lineNumber":32,"author":{"gitId":"Anton Shabinskiy"},"content":""},{"lineNumber":33,"author":{"gitId":"Anton Shabinskiy"},"content":"      - name: Run tests and collect coverage"},{"lineNumber":34,"author":{"gitId":"Anton Shabinskiy"},"content":"        shell: pwsh"},{"lineNumber":35,"author":{"gitId":"Anton Shabinskiy"},"content":"        run: |"},{"lineNumber":36,"author":{"gitId":"Anton Shabinskiy"},"content":"          pushd \u0027./${{ env.PACKAGE_DIRECTORY }}\u0027"},{"lineNumber":37,"author":{"gitId":"Anton Shabinskiy"},"content":"          mvn -B test"},{"lineNumber":38,"author":{"gitId":"Anton Shabinskiy"},"content":"          popd"},{"lineNumber":39,"author":{"gitId":"Anton Shabinskiy"},"content":"      "},{"lineNumber":40,"author":{"gitId":"Anton Shabinskiy"},"content":"      - name: Upload coverage to Codecov"},{"lineNumber":41,"author":{"gitId":"Anton Shabinskiy"},"content":"        uses: codecov/codecov-action@v3"},{"lineNumber":42,"author":{"gitId":"Anton Shabinskiy"},"content":"      "},{"lineNumber":43,"author":{"gitId":"Anton Shabinskiy"},"content":"      "}],"authorContributionMap":{"Anton Shabinskiy":43}},{"path":".github/workflows/deploy.yml","fileType":"yml","lines":[{"lineNumber":1,"author":{"gitId":"Anton Shabinskiy"},"content":"# Docs for the Azure Web Apps Deploy action: https://github.com/azure/functions-action"},{"lineNumber":2,"author":{"gitId":"Anton Shabinskiy"},"content":"# More GitHub Actions for Azure: https://github.com/Azure/actions"},{"lineNumber":3,"author":{"gitId":"Anton Shabinskiy"},"content":""},{"lineNumber":4,"author":{"gitId":"Anton Shabinskiy"},"content":"name: Deploy"},{"lineNumber":5,"author":{"gitId":"Anton Shabinskiy"},"content":""},{"lineNumber":6,"author":{"gitId":"Anton Shabinskiy"},"content":"on:"},{"lineNumber":7,"author":{"gitId":"Anton Shabinskiy"},"content":"  push:"},{"lineNumber":8,"author":{"gitId":"Anton Shabinskiy"},"content":"    branches:"},{"lineNumber":9,"author":{"gitId":"Anton Shabinskiy"},"content":"      - master"},{"lineNumber":10,"author":{"gitId":"Anton Shabinskiy"},"content":"  workflow_dispatch:"},{"lineNumber":11,"author":{"gitId":"Anton Shabinskiy"},"content":""},{"lineNumber":12,"author":{"gitId":"Anton Shabinskiy"},"content":"env:"},{"lineNumber":13,"author":{"gitId":"Anton Shabinskiy"},"content":"  AZURE_FUNCTIONAPP_NAME: kmaooad-kmavun # set this to your function app name on Azure"},{"lineNumber":14,"author":{"gitId":"Anton Shabinskiy"},"content":"  PACKAGE_DIRECTORY: \u0027./kmaooad-functions\u0027 # set this to the directory which contains pom.xml file"},{"lineNumber":15,"author":{"gitId":"Anton Shabinskiy"},"content":"  JAVA_VERSION: \u002711\u0027 # set this to the java version to use"},{"lineNumber":16,"author":{"gitId":"Anton Shabinskiy"},"content":""},{"lineNumber":17,"author":{"gitId":"Anton Shabinskiy"},"content":"jobs:"},{"lineNumber":18,"author":{"gitId":"Anton Shabinskiy"},"content":"  build-and-deploy:"},{"lineNumber":19,"author":{"gitId":"Anton Shabinskiy"},"content":"    runs-on: windows-latest"},{"lineNumber":20,"author":{"gitId":"Anton Shabinskiy"},"content":"    steps:"},{"lineNumber":21,"author":{"gitId":"Anton Shabinskiy"},"content":"      - name: \u0027Checkout GitHub Action\u0027"},{"lineNumber":22,"author":{"gitId":"Anton Shabinskiy"},"content":"        uses: actions/checkout@v2"},{"lineNumber":23,"author":{"gitId":"Anton Shabinskiy"},"content":""},{"lineNumber":24,"author":{"gitId":"Anton Shabinskiy"},"content":"      - name: Setup Java Sdk ${{ env.JAVA_VERSION }}"},{"lineNumber":25,"author":{"gitId":"Anton Shabinskiy"},"content":"        uses: actions/setup-java@v1"},{"lineNumber":26,"author":{"gitId":"Anton Shabinskiy"},"content":"        with:"},{"lineNumber":27,"author":{"gitId":"Anton Shabinskiy"},"content":"          java-version: ${{ env.JAVA_VERSION }}"},{"lineNumber":28,"author":{"gitId":"Anton Shabinskiy"},"content":""},{"lineNumber":29,"author":{"gitId":"Anton Shabinskiy"},"content":"      - name: \u0027Restore Project Dependencies Using Mvn\u0027"},{"lineNumber":30,"author":{"gitId":"Anton Shabinskiy"},"content":"        shell: pwsh"},{"lineNumber":31,"author":{"gitId":"Anton Shabinskiy"},"content":"        run: |"},{"lineNumber":32,"author":{"gitId":"Anton Shabinskiy"},"content":"          pushd \u0027./${{ env.PACKAGE_DIRECTORY }}\u0027"},{"lineNumber":33,"author":{"gitId":"Anton Shabinskiy"},"content":"          mvn clean package"},{"lineNumber":34,"author":{"gitId":"Anton Shabinskiy"},"content":"          popd"},{"lineNumber":35,"author":{"gitId":"Anton Shabinskiy"},"content":"      - name: \u0027Run Azure Functions Action\u0027"},{"lineNumber":36,"author":{"gitId":"Anton Shabinskiy"},"content":"        uses: Azure/functions-action@v1"},{"lineNumber":37,"author":{"gitId":"Anton Shabinskiy"},"content":"        id: fa"},{"lineNumber":38,"author":{"gitId":"Anton Shabinskiy"},"content":"        with:"},{"lineNumber":39,"author":{"gitId":"Anton Shabinskiy"},"content":"          app-name: \u0027kmaooad-kmavun\u0027"},{"lineNumber":40,"author":{"gitId":"Anton Shabinskiy"},"content":"          slot-name: \u0027Production\u0027"},{"lineNumber":41,"author":{"gitId":"Anton Shabinskiy"},"content":"          publish-profile: ${{ secrets.AZUREAPPSERVICE_PUBLISHPROFILE_11ACAD638ACF49FE9C4F19F2A2B0585B }}"},{"lineNumber":42,"author":{"gitId":"Anton Shabinskiy"},"content":"          package: \u0027${{ env.PACKAGE_DIRECTORY }}\u0027"},{"lineNumber":43,"author":{"gitId":"Anton Shabinskiy"},"content":"          respect-pom-xml: true"}],"authorContributionMap":{"Anton Shabinskiy":43}},{"path":"LICENSE","fileType":"LICENSE","lines":[{"lineNumber":1,"author":{"gitId":"github-classroom[bot]"},"content":"MIT License"},{"lineNumber":2,"author":{"gitId":"github-classroom[bot]"},"content":""},{"lineNumber":3,"author":{"gitId":"github-classroom[bot]"},"content":"Copyright (c) 2022 NAUKMA OOAD 2022"},{"lineNumber":4,"author":{"gitId":"github-classroom[bot]"},"content":""},{"lineNumber":5,"author":{"gitId":"github-classroom[bot]"},"content":"Permission is hereby granted, free of charge, to any person obtaining a copy"},{"lineNumber":6,"author":{"gitId":"github-classroom[bot]"},"content":"of this software and associated documentation files (the \"Software\"), to deal"},{"lineNumber":7,"author":{"gitId":"github-classroom[bot]"},"content":"in the Software without restriction, including without limitation the rights"},{"lineNumber":8,"author":{"gitId":"github-classroom[bot]"},"content":"to use, copy, modify, merge, publish, distribute, sublicense, and/or sell"},{"lineNumber":9,"author":{"gitId":"github-classroom[bot]"},"content":"copies of the Software, and to permit persons to whom the Software is"},{"lineNumber":10,"author":{"gitId":"github-classroom[bot]"},"content":"furnished to do so, subject to the following conditions:"},{"lineNumber":11,"author":{"gitId":"github-classroom[bot]"},"content":""},{"lineNumber":12,"author":{"gitId":"github-classroom[bot]"},"content":"The above copyright notice and this permission notice shall be included in all"},{"lineNumber":13,"author":{"gitId":"github-classroom[bot]"},"content":"copies or substantial portions of the Software."},{"lineNumber":14,"author":{"gitId":"github-classroom[bot]"},"content":""},{"lineNumber":15,"author":{"gitId":"github-classroom[bot]"},"content":"THE SOFTWARE IS PROVIDED \"AS IS\", WITHOUT WARRANTY OF ANY KIND, EXPRESS OR"},{"lineNumber":16,"author":{"gitId":"github-classroom[bot]"},"content":"IMPLIED, INCLUDING BUT NOT LIMITED TO THE WARRANTIES OF MERCHANTABILITY,"},{"lineNumber":17,"author":{"gitId":"github-classroom[bot]"},"content":"FITNESS FOR A PARTICULAR PURPOSE AND NONINFRINGEMENT. IN NO EVENT SHALL THE"},{"lineNumber":18,"author":{"gitId":"github-classroom[bot]"},"content":"AUTHORS OR COPYRIGHT HOLDERS BE LIABLE FOR ANY CLAIM, DAMAGES OR OTHER"},{"lineNumber":19,"author":{"gitId":"github-classroom[bot]"},"content":"LIABILITY, WHETHER IN AN ACTION OF CONTRACT, TORT OR OTHERWISE, ARISING FROM,"},{"lineNumber":20,"author":{"gitId":"github-classroom[bot]"},"content":"OUT OF OR IN CONNECTION WITH THE SOFTWARE OR THE USE OR OTHER DEALINGS IN THE"},{"lineNumber":21,"author":{"gitId":"github-classroom[bot]"},"content":"SOFTWARE."}],"authorContributionMap":{"github-classroom[bot]":21}},{"path":"README.md","fileType":"md","lines":[{"lineNumber":1,"author":{"gitId":"github-classroom[bot]"},"content":"[![Open in Visual Studio Code](https://classroom.github.com/assets/open-in-vscode-c66648af7eb3fe8bc4f294546bfd86ef473780cde1dea487d3c4ff354943c9ae.svg)](https://classroom.github.com/online_ide?assignment_repo_id\u003d8750643\u0026assignment_repo_type\u003dAssignmentRepo)"}],"authorContributionMap":{"github-classroom[bot]":1}},{"path":"kmaooad-functions/.gitignore","fileType":"gitignore","lines":[{"lineNumber":1,"author":{"gitId":"github-classroom[bot]"},"content":"# Build output"},{"lineNumber":2,"author":{"gitId":"github-classroom[bot]"},"content":"target/"},{"lineNumber":3,"author":{"gitId":"github-classroom[bot]"},"content":"*.class"},{"lineNumber":4,"author":{"gitId":"github-classroom[bot]"},"content":""},{"lineNumber":5,"author":{"gitId":"github-classroom[bot]"},"content":"# Log file"},{"lineNumber":6,"author":{"gitId":"github-classroom[bot]"},"content":"*.log"},{"lineNumber":7,"author":{"gitId":"github-classroom[bot]"},"content":""},{"lineNumber":8,"author":{"gitId":"github-classroom[bot]"},"content":"# BlueJ files"},{"lineNumber":9,"author":{"gitId":"github-classroom[bot]"},"content":"*.ctxt"},{"lineNumber":10,"author":{"gitId":"github-classroom[bot]"},"content":""},{"lineNumber":11,"author":{"gitId":"github-classroom[bot]"},"content":"# Mobile Tools for Java (J2ME)"},{"lineNumber":12,"author":{"gitId":"github-classroom[bot]"},"content":".mtj.tmp/"},{"lineNumber":13,"author":{"gitId":"github-classroom[bot]"},"content":""},{"lineNumber":14,"author":{"gitId":"github-classroom[bot]"},"content":"# Package Files #"},{"lineNumber":15,"author":{"gitId":"github-classroom[bot]"},"content":"*.jar"},{"lineNumber":16,"author":{"gitId":"github-classroom[bot]"},"content":"*.war"},{"lineNumber":17,"author":{"gitId":"github-classroom[bot]"},"content":"*.ear"},{"lineNumber":18,"author":{"gitId":"github-classroom[bot]"},"content":"*.zip"},{"lineNumber":19,"author":{"gitId":"github-classroom[bot]"},"content":"*.tar.gz"},{"lineNumber":20,"author":{"gitId":"github-classroom[bot]"},"content":"*.rar"},{"lineNumber":21,"author":{"gitId":"github-classroom[bot]"},"content":""},{"lineNumber":22,"author":{"gitId":"github-classroom[bot]"},"content":"# virtual machine crash logs, see http://www.java.com/en/download/help/error_hotspot.xml"},{"lineNumber":23,"author":{"gitId":"github-classroom[bot]"},"content":"hs_err_pid*"},{"lineNumber":24,"author":{"gitId":"github-classroom[bot]"},"content":""},{"lineNumber":25,"author":{"gitId":"github-classroom[bot]"},"content":"# IDE"},{"lineNumber":26,"author":{"gitId":"github-classroom[bot]"},"content":".idea/"},{"lineNumber":27,"author":{"gitId":"github-classroom[bot]"},"content":"*.iml"},{"lineNumber":28,"author":{"gitId":"github-classroom[bot]"},"content":".settings/"},{"lineNumber":29,"author":{"gitId":"github-classroom[bot]"},"content":".project"},{"lineNumber":30,"author":{"gitId":"github-classroom[bot]"},"content":".classpath"},{"lineNumber":31,"author":{"gitId":"github-classroom[bot]"},"content":".vscode/"},{"lineNumber":32,"author":{"gitId":"github-classroom[bot]"},"content":""},{"lineNumber":33,"author":{"gitId":"github-classroom[bot]"},"content":"# macOS"},{"lineNumber":34,"author":{"gitId":"github-classroom[bot]"},"content":".DS_Store"},{"lineNumber":35,"author":{"gitId":"github-classroom[bot]"},"content":""},{"lineNumber":36,"author":{"gitId":"github-classroom[bot]"},"content":"# Azure Functions"},{"lineNumber":37,"author":{"gitId":"github-classroom[bot]"},"content":"local.settings.json"},{"lineNumber":38,"author":{"gitId":"github-classroom[bot]"},"content":"bin/"},{"lineNumber":39,"author":{"gitId":"github-classroom[bot]"},"content":"obj/"}],"authorContributionMap":{"github-classroom[bot]":39}},{"path":"kmaooad-functions/host.json","fileType":"json","lines":[{"lineNumber":1,"author":{"gitId":"github-classroom[bot]"},"content":"{"},{"lineNumber":2,"author":{"gitId":"github-classroom[bot]"},"content":"  \"version\": \"2.0\","},{"lineNumber":3,"author":{"gitId":"github-classroom[bot]"},"content":"  \"extensionBundle\": {"},{"lineNumber":4,"author":{"gitId":"github-classroom[bot]"},"content":"    \"id\": \"Microsoft.Azure.Functions.ExtensionBundle\","},{"lineNumber":5,"author":{"gitId":"github-classroom[bot]"},"content":"    \"version\": \"[3.*, 4.0.0)\""},{"lineNumber":6,"author":{"gitId":"github-classroom[bot]"},"content":"  } "},{"lineNumber":7,"author":{"gitId":"github-classroom[bot]"},"content":"}"}],"authorContributionMap":{"github-classroom[bot]":7}},{"path":"kmaooad-functions/pom.xml","fileType":"xml","lines":[{"lineNumber":1,"author":{"gitId":"github-classroom[bot]"},"content":"\u003c?xml version\u003d\"1.0\" encoding\u003d\"UTF-8\" ?\u003e"},{"lineNumber":2,"author":{"gitId":"github-classroom[bot]"},"content":"\u003cproject xmlns\u003d\"http://maven.apache.org/POM/4.0.0\" xmlns:xsi\u003d\"http://www.w3.org/2001/XMLSchema-instance\" xsi:schemaLocation\u003d\"http://maven.apache.org/POM/4.0.0 http://maven.apache.org/xsd/maven-4.0.0.xsd\"\u003e"},{"lineNumber":3,"author":{"gitId":"github-classroom[bot]"},"content":"    \u003cmodelVersion\u003e4.0.0\u003c/modelVersion\u003e"},{"lineNumber":4,"author":{"gitId":"Diachenko Maksym"},"content":"    \u003cparent\u003e"},{"lineNumber":5,"author":{"gitId":"Diachenko Maksym"},"content":"        \u003cgroupId\u003eorg.springframework.boot\u003c/groupId\u003e"},{"lineNumber":6,"author":{"gitId":"Diachenko Maksym"},"content":"        \u003cartifactId\u003espring-boot-starter-parent\u003c/artifactId\u003e"},{"lineNumber":7,"author":{"gitId":"Diachenko Maksym"},"content":"        \u003cversion\u003e2.7.5\u003c/version\u003e"},{"lineNumber":8,"author":{"gitId":"Diachenko Maksym"},"content":"        \u003crelativePath/\u003e \u003c!-- lookup parent from repository --\u003e"},{"lineNumber":9,"author":{"gitId":"Diachenko Maksym"},"content":"    \u003c/parent\u003e"},{"lineNumber":10,"author":{"gitId":"github-classroom[bot]"},"content":"    \u003cgroupId\u003eedu.kmaooad\u003c/groupId\u003e"},{"lineNumber":11,"author":{"gitId":"github-classroom[bot]"},"content":"    \u003cartifactId\u003ekmaooad-functions\u003c/artifactId\u003e"},{"lineNumber":12,"author":{"gitId":"github-classroom[bot]"},"content":"    \u003cversion\u003e1.0-SNAPSHOT\u003c/version\u003e"},{"lineNumber":13,"author":{"gitId":"github-classroom[bot]"},"content":"    \u003cpackaging\u003ejar\u003c/packaging\u003e"},{"lineNumber":14,"author":{"gitId":"github-classroom[bot]"},"content":""},{"lineNumber":15,"author":{"gitId":"github-classroom[bot]"},"content":"    \u003cname\u003eAzure Java Functions\u003c/name\u003e"},{"lineNumber":16,"author":{"gitId":"github-classroom[bot]"},"content":""},{"lineNumber":17,"author":{"gitId":"github-classroom[bot]"},"content":"    \u003cproperties\u003e"},{"lineNumber":18,"author":{"gitId":"github-classroom[bot]"},"content":"        \u003cproject.build.sourceEncoding\u003eUTF-8\u003c/project.build.sourceEncoding\u003e"},{"lineNumber":19,"author":{"gitId":"github-classroom[bot]"},"content":"        \u003cjava.version\u003e11\u003c/java.version\u003e"},{"lineNumber":20,"author":{"gitId":"github-classroom[bot]"},"content":"        \u003cazure.functions.maven.plugin.version\u003e1.20.0\u003c/azure.functions.maven.plugin.version\u003e"},{"lineNumber":21,"author":{"gitId":"github-classroom[bot]"},"content":"        \u003cazure.functions.java.library.version\u003e2.0.1\u003c/azure.functions.java.library.version\u003e"},{"lineNumber":22,"author":{"gitId":"github-classroom[bot]"},"content":"        \u003cfunctionAppName\u003ekmaooad-functions-20220927162321908\u003c/functionAppName\u003e"},{"lineNumber":23,"author":{"gitId":"github-classroom[bot]"},"content":"    \u003c/properties\u003e"},{"lineNumber":24,"author":{"gitId":"Diachenko Maksym"},"content":"    \u003cdependencyManagement\u003e"},{"lineNumber":25,"author":{"gitId":"github-classroom[bot]"},"content":"        \u003cdependencies\u003e"},{"lineNumber":26,"author":{"gitId":"Diachenko Maksym"},"content":"            \u003cdependency\u003e"},{"lineNumber":27,"author":{"gitId":"Diachenko Maksym"},"content":"                \u003cgroupId\u003eorg.springframework.cloud\u003c/groupId\u003e"},{"lineNumber":28,"author":{"gitId":"Diachenko Maksym"},"content":"                \u003cartifactId\u003espring-cloud-function-dependencies\u003c/artifactId\u003e"},{"lineNumber":29,"author":{"gitId":"Diachenko Maksym"},"content":"                \u003cversion\u003e3.2.3\u003c/version\u003e"},{"lineNumber":30,"author":{"gitId":"Diachenko Maksym"},"content":"                \u003ctype\u003epom\u003c/type\u003e"},{"lineNumber":31,"author":{"gitId":"Diachenko Maksym"},"content":"                \u003cscope\u003eimport\u003c/scope\u003e"},{"lineNumber":32,"author":{"gitId":"Diachenko Maksym"},"content":"            \u003c/dependency\u003e"},{"lineNumber":33,"author":{"gitId":"Diachenko Maksym"},"content":"        \u003c/dependencies\u003e"},{"lineNumber":34,"author":{"gitId":"Diachenko Maksym"},"content":"    \u003c/dependencyManagement\u003e"},{"lineNumber":35,"author":{"gitId":"Diachenko Maksym"},"content":"    \u003cdependencies\u003e"},{"lineNumber":36,"author":{"gitId":"Diachenko Maksym"},"content":"        \u003cdependency\u003e"},{"lineNumber":37,"author":{"gitId":"Diachenko Maksym"},"content":"            \u003cgroupId\u003eorg.springframework.cloud\u003c/groupId\u003e"},{"lineNumber":38,"author":{"gitId":"Diachenko Maksym"},"content":"            \u003cartifactId\u003espring-cloud-function-adapter-azure\u003c/artifactId\u003e"},{"lineNumber":39,"author":{"gitId":"Diachenko Maksym"},"content":"        \u003c/dependency\u003e"},{"lineNumber":40,"author":{"gitId":"Diachenko Maksym"},"content":""},{"lineNumber":41,"author":{"gitId":"Diachenko Maksym"},"content":"        \u003cdependency\u003e"},{"lineNumber":42,"author":{"gitId":"Diachenko Maksym"},"content":"            \u003cgroupId\u003eorg.springframework.cloud\u003c/groupId\u003e"},{"lineNumber":43,"author":{"gitId":"Diachenko Maksym"},"content":"            \u003cartifactId\u003espring-cloud-starter-function-webflux\u003c/artifactId\u003e"},{"lineNumber":44,"author":{"gitId":"Diachenko Maksym"},"content":"            \u003cscope\u003eprovided\u003c/scope\u003e"},{"lineNumber":45,"author":{"gitId":"Diachenko Maksym"},"content":"        \u003c/dependency\u003e"},{"lineNumber":46,"author":{"gitId":"Diachenko Maksym"},"content":"        \u003cdependency\u003e"},{"lineNumber":47,"author":{"gitId":"Diachenko Maksym"},"content":"            \u003cgroupId\u003eorg.springframework.boot\u003c/groupId\u003e"},{"lineNumber":48,"author":{"gitId":"Diachenko Maksym"},"content":"            \u003cartifactId\u003espring-boot-starter\u003c/artifactId\u003e"},{"lineNumber":49,"author":{"gitId":"Diachenko Maksym"},"content":"        \u003c/dependency\u003e"},{"lineNumber":50,"author":{"gitId":"Diachenko Maksym"},"content":"        \u003cdependency\u003e"},{"lineNumber":51,"author":{"gitId":"Diachenko Maksym"},"content":"            \u003cgroupId\u003eorg.springframework.boot\u003c/groupId\u003e"},{"lineNumber":52,"author":{"gitId":"Diachenko Maksym"},"content":"            \u003cartifactId\u003espring-boot-starter-test\u003c/artifactId\u003e"},{"lineNumber":53,"author":{"gitId":"Diachenko Maksym"},"content":"            \u003cscope\u003etest\u003c/scope\u003e"},{"lineNumber":54,"author":{"gitId":"Diachenko Maksym"},"content":"        \u003c/dependency\u003e"},{"lineNumber":55,"author":{"gitId":"Diachenko Maksym"},"content":"        \u003cdependency\u003e"},{"lineNumber":56,"author":{"gitId":"Diachenko Maksym"},"content":"            \u003cgroupId\u003eorg.springframework.boot\u003c/groupId\u003e"},{"lineNumber":57,"author":{"gitId":"Diachenko Maksym"},"content":"            \u003cartifactId\u003espring-boot-starter-data-mongodb\u003c/artifactId\u003e"},{"lineNumber":58,"author":{"gitId":"Diachenko Maksym"},"content":"            \u003cversion\u003e2.7.5\u003c/version\u003e"},{"lineNumber":59,"author":{"gitId":"Diachenko Maksym"},"content":"        \u003c/dependency\u003e"},{"lineNumber":60,"author":{"gitId":"github-classroom[bot]"},"content":"        \u003cdependency\u003e"},{"lineNumber":61,"author":{"gitId":"github-classroom[bot]"},"content":"            \u003cgroupId\u003ecom.microsoft.azure.functions\u003c/groupId\u003e"},{"lineNumber":62,"author":{"gitId":"github-classroom[bot]"},"content":"            \u003cartifactId\u003eazure-functions-java-library\u003c/artifactId\u003e"},{"lineNumber":63,"author":{"gitId":"github-classroom[bot]"},"content":"            \u003cversion\u003e${azure.functions.java.library.version}\u003c/version\u003e"},{"lineNumber":64,"author":{"gitId":"github-classroom[bot]"},"content":"        \u003c/dependency\u003e"},{"lineNumber":65,"author":{"gitId":"Diachenko Maksym"},"content":"        \u003c!-- https://mvnrepository.com/artifact/org.json/json --\u003e"},{"lineNumber":66,"author":{"gitId":"Diachenko Maksym"},"content":"        \u003cdependency\u003e"},{"lineNumber":67,"author":{"gitId":"Diachenko Maksym"},"content":"            \u003cgroupId\u003eorg.json\u003c/groupId\u003e"},{"lineNumber":68,"author":{"gitId":"Diachenko Maksym"},"content":"            \u003cartifactId\u003ejson\u003c/artifactId\u003e"},{"lineNumber":69,"author":{"gitId":"Diachenko Maksym"},"content":"            \u003cversion\u003e20220924\u003c/version\u003e"},{"lineNumber":70,"author":{"gitId":"Diachenko Maksym"},"content":"        \u003c/dependency\u003e"},{"lineNumber":71,"author":{"gitId":"github-classroom[bot]"},"content":"        \u003c!-- Test --\u003e"},{"lineNumber":72,"author":{"gitId":"github-classroom[bot]"},"content":"        \u003cdependency\u003e"},{"lineNumber":73,"author":{"gitId":"github-classroom[bot]"},"content":"            \u003cgroupId\u003eorg.junit.jupiter\u003c/groupId\u003e"},{"lineNumber":74,"author":{"gitId":"github-classroom[bot]"},"content":"            \u003cartifactId\u003ejunit-jupiter\u003c/artifactId\u003e"},{"lineNumber":75,"author":{"gitId":"github-classroom[bot]"},"content":"            \u003cversion\u003e5.4.2\u003c/version\u003e"},{"lineNumber":76,"author":{"gitId":"github-classroom[bot]"},"content":"            \u003cscope\u003etest\u003c/scope\u003e"},{"lineNumber":77,"author":{"gitId":"github-classroom[bot]"},"content":"        \u003c/dependency\u003e"},{"lineNumber":78,"author":{"gitId":"github-classroom[bot]"},"content":""},{"lineNumber":79,"author":{"gitId":"github-classroom[bot]"},"content":"        \u003cdependency\u003e"},{"lineNumber":80,"author":{"gitId":"github-classroom[bot]"},"content":"            \u003cgroupId\u003eorg.mockito\u003c/groupId\u003e"},{"lineNumber":81,"author":{"gitId":"github-classroom[bot]"},"content":"            \u003cartifactId\u003emockito-core\u003c/artifactId\u003e"},{"lineNumber":82,"author":{"gitId":"github-classroom[bot]"},"content":"            \u003cversion\u003e2.23.4\u003c/version\u003e"},{"lineNumber":83,"author":{"gitId":"github-classroom[bot]"},"content":"            \u003cscope\u003etest\u003c/scope\u003e"},{"lineNumber":84,"author":{"gitId":"github-classroom[bot]"},"content":"        \u003c/dependency\u003e"},{"lineNumber":85,"author":{"gitId":"Diachenko Maksym"},"content":"\u003c!--        \u003cdependency\u003e--\u003e"},{"lineNumber":86,"author":{"gitId":"Diachenko Maksym"},"content":"\u003c!--            \u003cgroupId\u003eorg.mongodb\u003c/groupId\u003e--\u003e"},{"lineNumber":87,"author":{"gitId":"Diachenko Maksym"},"content":"\u003c!--            \u003cartifactId\u003emongo-java-driver\u003c/artifactId\u003e--\u003e"},{"lineNumber":88,"author":{"gitId":"Diachenko Maksym"},"content":"\u003c!--            \u003cversion\u003e3.12.11\u003c/version\u003e--\u003e"},{"lineNumber":89,"author":{"gitId":"Diachenko Maksym"},"content":"\u003c!--        \u003c/dependency\u003e--\u003e"},{"lineNumber":90,"author":{"gitId":"Diachenko Maksym"},"content":"        \u003c!-- https://mvnrepository.com/artifact/com.google.code.gson/gson --\u003e"},{"lineNumber":91,"author":{"gitId":"Diachenko Maksym"},"content":"        \u003cdependency\u003e"},{"lineNumber":92,"author":{"gitId":"Diachenko Maksym"},"content":"            \u003cgroupId\u003ecom.google.code.gson\u003c/groupId\u003e"},{"lineNumber":93,"author":{"gitId":"Diachenko Maksym"},"content":"            \u003cartifactId\u003egson\u003c/artifactId\u003e"},{"lineNumber":94,"author":{"gitId":"Diachenko Maksym"},"content":"            \u003cversion\u003e2.9.1\u003c/version\u003e"},{"lineNumber":95,"author":{"gitId":"Diachenko Maksym"},"content":"        \u003c/dependency\u003e"},{"lineNumber":96,"author":{"gitId":"Diachenko Maksym"},"content":"        \u003cdependency\u003e"},{"lineNumber":97,"author":{"gitId":"Diachenko Maksym"},"content":"            \u003cgroupId\u003eorg.projectlombok\u003c/groupId\u003e"},{"lineNumber":98,"author":{"gitId":"Diachenko Maksym"},"content":"            \u003cartifactId\u003elombok\u003c/artifactId\u003e"},{"lineNumber":99,"author":{"gitId":"Diachenko Maksym"},"content":"            \u003cversion\u003e1.18.24\u003c/version\u003e"},{"lineNumber":100,"author":{"gitId":"Diachenko Maksym"},"content":"            \u003cscope\u003eprovided\u003c/scope\u003e"},{"lineNumber":101,"author":{"gitId":"Diachenko Maksym"},"content":"        \u003c/dependency\u003e"},{"lineNumber":102,"author":{"gitId":"Diachenko Maksym"},"content":"        \u003cdependency\u003e"},{"lineNumber":103,"author":{"gitId":"Diachenko Maksym"},"content":"            \u003cgroupId\u003eorg.springframework\u003c/groupId\u003e"},{"lineNumber":104,"author":{"gitId":"Diachenko Maksym"},"content":"            \u003cartifactId\u003espring-context\u003c/artifactId\u003e"},{"lineNumber":105,"author":{"gitId":"Diachenko Maksym"},"content":"            \u003cversion\u003e5.3.19\u003c/version\u003e"},{"lineNumber":106,"author":{"gitId":"Diachenko Maksym"},"content":"        \u003c/dependency\u003e"},{"lineNumber":107,"author":{"gitId":"github-classroom[bot]"},"content":"    \u003c/dependencies\u003e"},{"lineNumber":108,"author":{"gitId":"github-classroom[bot]"},"content":""},{"lineNumber":109,"author":{"gitId":"github-classroom[bot]"},"content":"    \u003cbuild\u003e"},{"lineNumber":110,"author":{"gitId":"github-classroom[bot]"},"content":"        \u003cplugins\u003e"},{"lineNumber":111,"author":{"gitId":"Diachenko Maksym"},"content":"            \u003cplugin\u003e"},{"lineNumber":112,"author":{"gitId":"Diachenko Maksym"},"content":"                \u003cgroupId\u003eorg.springframework.boot\u003c/groupId\u003e"},{"lineNumber":113,"author":{"gitId":"Diachenko Maksym"},"content":"                \u003cartifactId\u003espring-boot-maven-plugin\u003c/artifactId\u003e"},{"lineNumber":114,"author":{"gitId":"Diachenko Maksym"},"content":"                \u003cversion\u003e2.7.5\u003c/version\u003e"},{"lineNumber":115,"author":{"gitId":"Diachenko Maksym"},"content":"            \u003c/plugin\u003e"},{"lineNumber":116,"author":{"gitId":"github-classroom[bot]"},"content":"            \u003cplugin\u003e"},{"lineNumber":117,"author":{"gitId":"github-classroom[bot]"},"content":"                \u003cgroupId\u003eorg.apache.maven.plugins\u003c/groupId\u003e"},{"lineNumber":118,"author":{"gitId":"github-classroom[bot]"},"content":"                \u003cartifactId\u003emaven-compiler-plugin\u003c/artifactId\u003e"},{"lineNumber":119,"author":{"gitId":"github-classroom[bot]"},"content":"                \u003cversion\u003e3.8.1\u003c/version\u003e"},{"lineNumber":120,"author":{"gitId":"github-classroom[bot]"},"content":"                \u003cconfiguration\u003e"},{"lineNumber":121,"author":{"gitId":"github-classroom[bot]"},"content":"                    \u003csource\u003e${java.version}\u003c/source\u003e"},{"lineNumber":122,"author":{"gitId":"github-classroom[bot]"},"content":"                    \u003ctarget\u003e${java.version}\u003c/target\u003e"},{"lineNumber":123,"author":{"gitId":"github-classroom[bot]"},"content":"                    \u003cencoding\u003e${project.build.sourceEncoding}\u003c/encoding\u003e"},{"lineNumber":124,"author":{"gitId":"github-classroom[bot]"},"content":"                \u003c/configuration\u003e"},{"lineNumber":125,"author":{"gitId":"github-classroom[bot]"},"content":"            \u003c/plugin\u003e"},{"lineNumber":126,"author":{"gitId":"github-classroom[bot]"},"content":"            \u003cplugin\u003e"},{"lineNumber":127,"author":{"gitId":"github-classroom[bot]"},"content":"                \u003cgroupId\u003ecom.microsoft.azure\u003c/groupId\u003e"},{"lineNumber":128,"author":{"gitId":"github-classroom[bot]"},"content":"                \u003cartifactId\u003eazure-functions-maven-plugin\u003c/artifactId\u003e"},{"lineNumber":129,"author":{"gitId":"github-classroom[bot]"},"content":"                \u003cversion\u003e${azure.functions.maven.plugin.version}\u003c/version\u003e"},{"lineNumber":130,"author":{"gitId":"github-classroom[bot]"},"content":"                \u003cconfiguration\u003e"},{"lineNumber":131,"author":{"gitId":"github-classroom[bot]"},"content":"                    \u003c!-- function app name --\u003e"},{"lineNumber":132,"author":{"gitId":"github-classroom[bot]"},"content":"                    \u003cappName\u003e${functionAppName}\u003c/appName\u003e"},{"lineNumber":133,"author":{"gitId":"github-classroom[bot]"},"content":"                    \u003c!-- function app resource group --\u003e"},{"lineNumber":134,"author":{"gitId":"github-classroom[bot]"},"content":"                    \u003cresourceGroup\u003ejava-functions-group\u003c/resourceGroup\u003e"},{"lineNumber":135,"author":{"gitId":"github-classroom[bot]"},"content":"                    \u003c!-- function app service plan name --\u003e"},{"lineNumber":136,"author":{"gitId":"github-classroom[bot]"},"content":"                    \u003cappServicePlanName\u003ejava-functions-app-service-plan\u003c/appServicePlanName\u003e"},{"lineNumber":137,"author":{"gitId":"github-classroom[bot]"},"content":"                    \u003c!-- function app region--\u003e"},{"lineNumber":138,"author":{"gitId":"github-classroom[bot]"},"content":"                    \u003c!-- refers https://github.com/microsoft/azure-maven-plugins/wiki/Azure-Functions:-Configuration-Details#supported-regions for all valid values --\u003e"},{"lineNumber":139,"author":{"gitId":"github-classroom[bot]"},"content":"                    \u003cregion\u003ewestus\u003c/region\u003e"},{"lineNumber":140,"author":{"gitId":"github-classroom[bot]"},"content":"                    \u003c!-- function pricingTier, default to be consumption if not specified --\u003e"},{"lineNumber":141,"author":{"gitId":"github-classroom[bot]"},"content":"                    \u003c!-- refers https://github.com/microsoft/azure-maven-plugins/wiki/Azure-Functions:-Configuration-Details#supported-pricing-tiers for all valid values --\u003e"},{"lineNumber":142,"author":{"gitId":"github-classroom[bot]"},"content":"                    \u003c!-- \u003cpricingTier\u003e\u003c/pricingTier\u003e --\u003e"},{"lineNumber":143,"author":{"gitId":"github-classroom[bot]"},"content":"                    \u003c!-- Whether to disable application insights, default is false --\u003e"},{"lineNumber":144,"author":{"gitId":"github-classroom[bot]"},"content":"                    \u003c!-- refers https://github.com/microsoft/azure-maven-plugins/wiki/Azure-Functions:-Configuration-Details for all valid configurations for application insights--\u003e"},{"lineNumber":145,"author":{"gitId":"github-classroom[bot]"},"content":"                    \u003c!-- \u003cdisableAppInsights\u003e\u003c/disableAppInsights\u003e --\u003e"},{"lineNumber":146,"author":{"gitId":"github-classroom[bot]"},"content":"                    \u003cruntime\u003e"},{"lineNumber":147,"author":{"gitId":"github-classroom[bot]"},"content":"                        \u003c!-- runtime os, could be windows, linux or docker--\u003e"},{"lineNumber":148,"author":{"gitId":"github-classroom[bot]"},"content":"                        \u003cos\u003ewindows\u003c/os\u003e"},{"lineNumber":149,"author":{"gitId":"github-classroom[bot]"},"content":"                        \u003cjavaVersion\u003e11\u003c/javaVersion\u003e"},{"lineNumber":150,"author":{"gitId":"github-classroom[bot]"},"content":"                    \u003c/runtime\u003e"},{"lineNumber":151,"author":{"gitId":"github-classroom[bot]"},"content":"                    \u003cappSettings\u003e"},{"lineNumber":152,"author":{"gitId":"github-classroom[bot]"},"content":"                        \u003cproperty\u003e"},{"lineNumber":153,"author":{"gitId":"github-classroom[bot]"},"content":"                            \u003cname\u003eFUNCTIONS_EXTENSION_VERSION\u003c/name\u003e"},{"lineNumber":154,"author":{"gitId":"github-classroom[bot]"},"content":"                            \u003cvalue\u003e~4\u003c/value\u003e"},{"lineNumber":155,"author":{"gitId":"github-classroom[bot]"},"content":"                        \u003c/property\u003e"},{"lineNumber":156,"author":{"gitId":"github-classroom[bot]"},"content":"                    \u003c/appSettings\u003e"},{"lineNumber":157,"author":{"gitId":"github-classroom[bot]"},"content":"                \u003c/configuration\u003e"},{"lineNumber":158,"author":{"gitId":"github-classroom[bot]"},"content":"                \u003cexecutions\u003e"},{"lineNumber":159,"author":{"gitId":"github-classroom[bot]"},"content":"                    \u003cexecution\u003e"},{"lineNumber":160,"author":{"gitId":"github-classroom[bot]"},"content":"                        \u003cid\u003epackage-functions\u003c/id\u003e"},{"lineNumber":161,"author":{"gitId":"github-classroom[bot]"},"content":"                        \u003cgoals\u003e"},{"lineNumber":162,"author":{"gitId":"github-classroom[bot]"},"content":"                            \u003cgoal\u003epackage\u003c/goal\u003e"},{"lineNumber":163,"author":{"gitId":"github-classroom[bot]"},"content":"                        \u003c/goals\u003e"},{"lineNumber":164,"author":{"gitId":"github-classroom[bot]"},"content":"                    \u003c/execution\u003e"},{"lineNumber":165,"author":{"gitId":"github-classroom[bot]"},"content":"                \u003c/executions\u003e"},{"lineNumber":166,"author":{"gitId":"github-classroom[bot]"},"content":"            \u003c/plugin\u003e"},{"lineNumber":167,"author":{"gitId":"Anton Shabinskiy"},"content":"            \u003cplugin\u003e"},{"lineNumber":168,"author":{"gitId":"Anton Shabinskiy"},"content":"\t\t\t\t\u003cgroupId\u003eorg.jacoco\u003c/groupId\u003e"},{"lineNumber":169,"author":{"gitId":"Anton Shabinskiy"},"content":"\t\t\t\t\u003cartifactId\u003ejacoco-maven-plugin\u003c/artifactId\u003e"},{"lineNumber":170,"author":{"gitId":"Anton Shabinskiy"},"content":"\t\t\t\t\u003cversion\u003e0.8.8\u003c/version\u003e"},{"lineNumber":171,"author":{"gitId":"Anton Shabinskiy"},"content":"\t\t\t\t\u003cexecutions\u003e"},{"lineNumber":172,"author":{"gitId":"Anton Shabinskiy"},"content":"\t\t\t\t\t\u003cexecution\u003e"},{"lineNumber":173,"author":{"gitId":"Anton Shabinskiy"},"content":"\t\t\t\t\t\t\u003cid\u003eprepare-agent\u003c/id\u003e"},{"lineNumber":174,"author":{"gitId":"Anton Shabinskiy"},"content":"\t\t\t\t\t\t\u003cgoals\u003e"},{"lineNumber":175,"author":{"gitId":"Anton Shabinskiy"},"content":"\t\t\t\t\t\t\t\u003cgoal\u003eprepare-agent\u003c/goal\u003e"},{"lineNumber":176,"author":{"gitId":"Anton Shabinskiy"},"content":"\t\t\t\t\t\t\u003c/goals\u003e"},{"lineNumber":177,"author":{"gitId":"Anton Shabinskiy"},"content":"\t\t\t\t\t\u003c/execution\u003e"},{"lineNumber":178,"author":{"gitId":"Anton Shabinskiy"},"content":"\t\t\t\t\t\u003cexecution\u003e"},{"lineNumber":179,"author":{"gitId":"Anton Shabinskiy"},"content":"\t\t\t\t\t\t\u003cid\u003ereport\u003c/id\u003e"},{"lineNumber":180,"author":{"gitId":"Anton Shabinskiy"},"content":"\t\t\t\t\t\t\u003cphase\u003etest\u003c/phase\u003e"},{"lineNumber":181,"author":{"gitId":"Anton Shabinskiy"},"content":"\t\t\t\t\t\t\u003cgoals\u003e"},{"lineNumber":182,"author":{"gitId":"Anton Shabinskiy"},"content":"\t\t\t\t\t\t\t\u003cgoal\u003ereport\u003c/goal\u003e"},{"lineNumber":183,"author":{"gitId":"Anton Shabinskiy"},"content":"\t\t\t\t\t\t\u003c/goals\u003e"},{"lineNumber":184,"author":{"gitId":"Anton Shabinskiy"},"content":"\t\t\t\t\t\u003c/execution\u003e"},{"lineNumber":185,"author":{"gitId":"Anton Shabinskiy"},"content":"\t\t\t\t\u003c/executions\u003e"},{"lineNumber":186,"author":{"gitId":"Anton Shabinskiy"},"content":"\t\t\t\u003c/plugin\u003e"},{"lineNumber":187,"author":{"gitId":"Anton Shabinskiy"},"content":"            \u003cplugin\u003e"},{"lineNumber":188,"author":{"gitId":"Anton Shabinskiy"},"content":"                \u003cgroupId\u003eorg.apache.maven.plugins\u003c/groupId\u003e"},{"lineNumber":189,"author":{"gitId":"Anton Shabinskiy"},"content":"                \u003cartifactId\u003emaven-surefire-plugin\u003c/artifactId\u003e"},{"lineNumber":190,"author":{"gitId":"Anton Shabinskiy"},"content":"                \u003cversion\u003e3.0.0-M7\u003c/version\u003e"},{"lineNumber":191,"author":{"gitId":"Anton Shabinskiy"},"content":"                \u003cconfiguration\u003e"},{"lineNumber":192,"author":{"gitId":"Anton Shabinskiy"},"content":"                    \u003cfailIfNoTests\u003etrue\u003c/failIfNoTests\u003e"},{"lineNumber":193,"author":{"gitId":"Anton Shabinskiy"},"content":"                \u003c/configuration\u003e"},{"lineNumber":194,"author":{"gitId":"Anton Shabinskiy"},"content":"            \u003c/plugin\u003e"},{"lineNumber":195,"author":{"gitId":"github-classroom[bot]"},"content":"            \u003c!--Remove obj folder generated by .NET SDK in maven clean--\u003e"},{"lineNumber":196,"author":{"gitId":"github-classroom[bot]"},"content":"            \u003cplugin\u003e"},{"lineNumber":197,"author":{"gitId":"Diachenko Maksym"},"content":"                \u003cgroupId\u003eorg.apache.maven.plugins\u003c/groupId\u003e"},{"lineNumber":198,"author":{"gitId":"github-classroom[bot]"},"content":"                \u003cartifactId\u003emaven-clean-plugin\u003c/artifactId\u003e"},{"lineNumber":199,"author":{"gitId":"github-classroom[bot]"},"content":"                \u003cversion\u003e3.1.0\u003c/version\u003e"},{"lineNumber":200,"author":{"gitId":"github-classroom[bot]"},"content":"                \u003cconfiguration\u003e"},{"lineNumber":201,"author":{"gitId":"github-classroom[bot]"},"content":"                    \u003cfilesets\u003e"},{"lineNumber":202,"author":{"gitId":"github-classroom[bot]"},"content":"                        \u003cfileset\u003e"},{"lineNumber":203,"author":{"gitId":"github-classroom[bot]"},"content":"                            \u003cdirectory\u003eobj\u003c/directory\u003e"},{"lineNumber":204,"author":{"gitId":"github-classroom[bot]"},"content":"                        \u003c/fileset\u003e"},{"lineNumber":205,"author":{"gitId":"github-classroom[bot]"},"content":"                    \u003c/filesets\u003e"},{"lineNumber":206,"author":{"gitId":"github-classroom[bot]"},"content":"                \u003c/configuration\u003e"},{"lineNumber":207,"author":{"gitId":"github-classroom[bot]"},"content":"            \u003c/plugin\u003e"},{"lineNumber":208,"author":{"gitId":"github-classroom[bot]"},"content":"        \u003c/plugins\u003e"},{"lineNumber":209,"author":{"gitId":"github-classroom[bot]"},"content":"    \u003c/build\u003e"},{"lineNumber":210,"author":{"gitId":"github-classroom[bot]"},"content":"\u003c/project\u003e"}],"authorContributionMap":{"Diachenko Maksym":75,"Anton Shabinskiy":28,"github-classroom[bot]":107}},{"path":"kmaooad-functions/src/main/java/edu/kmaooad/OoadSpringApplication.java","fileType":"java","lines":[{"lineNumber":1,"author":{"gitId":"Diachenko Maksym"},"content":"package edu.kmaooad;"},{"lineNumber":2,"author":{"gitId":"Diachenko Maksym"},"content":""},{"lineNumber":3,"author":{"gitId":"Diachenko Maksym"},"content":"import org.springframework.boot.SpringApplication;"},{"lineNumber":4,"author":{"gitId":"Diachenko Maksym"},"content":"import org.springframework.boot.autoconfigure.SpringBootApplication;"},{"lineNumber":5,"author":{"gitId":"Diachenko Maksym"},"content":""},{"lineNumber":6,"author":{"gitId":"Diachenko Maksym"},"content":"@SpringBootApplication"},{"lineNumber":7,"author":{"gitId":"Diachenko Maksym"},"content":"public class OoadSpringApplication {"},{"lineNumber":8,"author":{"gitId":"Diachenko Maksym"},"content":""},{"lineNumber":9,"author":{"gitId":"Diachenko Maksym"},"content":"    public static void main(String[] args) {"},{"lineNumber":10,"author":{"gitId":"Diachenko Maksym"},"content":"        SpringApplication.run(OoadSpringApplication.class, args);"},{"lineNumber":11,"author":{"gitId":"Diachenko Maksym"},"content":"    }"},{"lineNumber":12,"author":{"gitId":"Diachenko Maksym"},"content":""},{"lineNumber":13,"author":{"gitId":"Diachenko Maksym"},"content":"}"}],"authorContributionMap":{"Diachenko Maksym":13}},{"path":"kmaooad-functions/src/main/java/edu/kmaooad/TelegramWebhook.java","fileType":"java","lines":[{"lineNumber":1,"author":{"gitId":"Diachenko Maksym"},"content":"package edu.kmaooad;"},{"lineNumber":2,"author":{"gitId":"Diachenko Maksym"},"content":""},{"lineNumber":3,"author":{"gitId":"Diachenko Maksym"},"content":"import com.microsoft.azure.functions.ExecutionContext;"},{"lineNumber":4,"author":{"gitId":"Diachenko Maksym"},"content":"import com.microsoft.azure.functions.HttpMethod;"},{"lineNumber":5,"author":{"gitId":"Diachenko Maksym"},"content":"import com.microsoft.azure.functions.HttpRequestMessage;"},{"lineNumber":6,"author":{"gitId":"Diachenko Maksym"},"content":"import com.microsoft.azure.functions.HttpResponseMessage;"},{"lineNumber":7,"author":{"gitId":"Diachenko Maksym"},"content":"import com.microsoft.azure.functions.HttpStatus;"},{"lineNumber":8,"author":{"gitId":"Diachenko Maksym"},"content":"import com.microsoft.azure.functions.annotation.AuthorizationLevel;"},{"lineNumber":9,"author":{"gitId":"Diachenko Maksym"},"content":"import com.microsoft.azure.functions.annotation.FunctionName;"},{"lineNumber":10,"author":{"gitId":"Diachenko Maksym"},"content":"import com.microsoft.azure.functions.annotation.HttpTrigger;"},{"lineNumber":11,"author":{"gitId":"Diachenko Maksym"},"content":"import edu.kmaooad.model.Response;"},{"lineNumber":12,"author":{"gitId":"Diachenko Maksym"},"content":"import org.springframework.cloud.function.adapter.azure.FunctionInvoker;"},{"lineNumber":13,"author":{"gitId":"Diachenko Maksym"},"content":""},{"lineNumber":14,"author":{"gitId":"Diachenko Maksym"},"content":""},{"lineNumber":15,"author":{"gitId":"Diachenko Maksym"},"content":"import java.util.Optional;"},{"lineNumber":16,"author":{"gitId":"Diachenko Maksym"},"content":""},{"lineNumber":17,"author":{"gitId":"Diachenko Maksym"},"content":"/**"},{"lineNumber":18,"author":{"gitId":"Diachenko Maksym"},"content":" * Azure Functions with HTTP Trigger."},{"lineNumber":19,"author":{"gitId":"Diachenko Maksym"},"content":" */"},{"lineNumber":20,"author":{"gitId":"Diachenko Maksym"},"content":"public class TelegramWebhook extends FunctionInvoker\u003cOptional\u003cString\u003e, Response\u003e {"},{"lineNumber":21,"author":{"gitId":"Diachenko Maksym"},"content":"    /**"},{"lineNumber":22,"author":{"gitId":"Diachenko Maksym"},"content":"     * This function listens at endpoint \"/api/TelegramWebhook\". To invoke it using \"curl\" command in bash:"},{"lineNumber":23,"author":{"gitId":"Diachenko Maksym"},"content":"     * curl -d \"HTTP Body\" {your host}/api/TelegramWebhook"},{"lineNumber":24,"author":{"gitId":"Diachenko Maksym"},"content":"     */"},{"lineNumber":25,"author":{"gitId":"Diachenko Maksym"},"content":""},{"lineNumber":26,"author":{"gitId":"Diachenko Maksym"},"content":"    @FunctionName(\"TelegramWebhook\")"},{"lineNumber":27,"author":{"gitId":"Diachenko Maksym"},"content":"    protected HttpResponseMessage run("},{"lineNumber":28,"author":{"gitId":"Diachenko Maksym"},"content":"            @HttpTrigger("},{"lineNumber":29,"author":{"gitId":"Diachenko Maksym"},"content":"                    name \u003d \"req\","},{"lineNumber":30,"author":{"gitId":"Diachenko Maksym"},"content":"                    methods \u003d {HttpMethod.POST},"},{"lineNumber":31,"author":{"gitId":"Diachenko Maksym"},"content":"                    authLevel \u003d AuthorizationLevel.FUNCTION)"},{"lineNumber":32,"author":{"gitId":"Diachenko Maksym"},"content":"                    HttpRequestMessage\u003cOptional\u003cString\u003e\u003e request,"},{"lineNumber":33,"author":{"gitId":"Diachenko Maksym"},"content":"            final ExecutionContext context) {"},{"lineNumber":34,"author":{"gitId":"Diachenko Maksym"},"content":"        context.getLogger().info(\"Java HTTP trigger processed a request.\");"},{"lineNumber":35,"author":{"gitId":"Diachenko Maksym"},"content":"        final String body \u003d request.getBody().orElse(null);"},{"lineNumber":36,"author":{"gitId":"Diachenko Maksym"},"content":"        Response response \u003d handleRequest(request.getBody(),context);"},{"lineNumber":37,"author":{"gitId":"Diachenko Maksym"},"content":"        HttpStatus status \u003d response.isOk() ? HttpStatus.OK : HttpStatus.BAD_REQUEST;"},{"lineNumber":38,"author":{"gitId":"Diachenko Maksym"},"content":"        return request.createResponseBuilder(status)"},{"lineNumber":39,"author":{"gitId":"Diachenko Maksym"},"content":"                .body(response.getResponse())"},{"lineNumber":40,"author":{"gitId":"Diachenko Maksym"},"content":"                .build();"},{"lineNumber":41,"author":{"gitId":"Diachenko Maksym"},"content":"    }"},{"lineNumber":42,"author":{"gitId":"Diachenko Maksym"},"content":"}"}],"authorContributionMap":{"Diachenko Maksym":42}},{"path":"kmaooad-functions/src/main/java/edu/kmaooad/handlers/RequestHandler.java","fileType":"java","lines":[{"lineNumber":1,"author":{"gitId":"Diachenko Maksym"},"content":"package edu.kmaooad.handlers;"},{"lineNumber":2,"author":{"gitId":"Diachenko Maksym"},"content":""},{"lineNumber":3,"author":{"gitId":"Diachenko Maksym"},"content":""},{"lineNumber":4,"author":{"gitId":"Diachenko Maksym"},"content":"import com.microsoft.azure.functions.HttpStatus;"},{"lineNumber":5,"author":{"gitId":"Diachenko Maksym"},"content":"import edu.kmaooad.model.Message;"},{"lineNumber":6,"author":{"gitId":"Diachenko Maksym"},"content":"import edu.kmaooad.utils.MessageParser;"},{"lineNumber":7,"author":{"gitId":"Diachenko Maksym"},"content":"import edu.kmaooad.model.Response;"},{"lineNumber":8,"author":{"gitId":"Diachenko Maksym"},"content":"import edu.kmaooad.service.RequestService;"},{"lineNumber":9,"author":{"gitId":"Diachenko Maksym"},"content":"import org.json.JSONException;"},{"lineNumber":10,"author":{"gitId":"Diachenko Maksym"},"content":"import org.springframework.beans.factory.annotation.Autowired;"},{"lineNumber":11,"author":{"gitId":"Diachenko Maksym"},"content":"import org.springframework.stereotype.Component;"},{"lineNumber":12,"author":{"gitId":"Diachenko Maksym"},"content":""},{"lineNumber":13,"author":{"gitId":"Diachenko Maksym"},"content":"import java.util.Optional;"},{"lineNumber":14,"author":{"gitId":"Diachenko Maksym"},"content":"import java.util.function.Function;"},{"lineNumber":15,"author":{"gitId":"Diachenko Maksym"},"content":""},{"lineNumber":16,"author":{"gitId":"Diachenko Maksym"},"content":"@Component"},{"lineNumber":17,"author":{"gitId":"Diachenko Maksym"},"content":"public class RequestHandler implements Function\u003cOptional\u003cString\u003e, Response\u003e {"},{"lineNumber":18,"author":{"gitId":"Diachenko Maksym"},"content":""},{"lineNumber":19,"author":{"gitId":"Diachenko Maksym"},"content":"    @Autowired"},{"lineNumber":20,"author":{"gitId":"Diachenko Maksym"},"content":"    private RequestService reqServ;"},{"lineNumber":21,"author":{"gitId":"Diachenko Maksym"},"content":""},{"lineNumber":22,"author":{"gitId":"Diachenko Maksym"},"content":"    @Override"},{"lineNumber":23,"author":{"gitId":"Diachenko Maksym"},"content":"    public Response apply(Optional\u003cString\u003e request) {"},{"lineNumber":24,"author":{"gitId":"Diachenko Maksym"},"content":"        final String body \u003d request.orElse(null);"},{"lineNumber":25,"author":{"gitId":"Diachenko Maksym"},"content":"        Message msg;"},{"lineNumber":26,"author":{"gitId":"Diachenko Maksym"},"content":"        try {"},{"lineNumber":27,"author":{"gitId":"Diachenko Maksym"},"content":"            msg \u003d MessageParser.parseJsonString(body);"},{"lineNumber":28,"author":{"gitId":"Diachenko Maksym"},"content":"        } catch (JSONException jse) {"},{"lineNumber":29,"author":{"gitId":"Diachenko Maksym"},"content":"            return new Response(\"Invalid JSON structure in body.\");"},{"lineNumber":30,"author":{"gitId":"Diachenko Maksym"},"content":"        } catch (NullPointerException npe) {"},{"lineNumber":31,"author":{"gitId":"Diachenko Maksym"},"content":"            return new Response(\"This message does not contain body.\");"},{"lineNumber":32,"author":{"gitId":"Diachenko Maksym"},"content":"        }"},{"lineNumber":33,"author":{"gitId":"Diachenko Maksym"},"content":"        reqServ.saveMessage(msg);"},{"lineNumber":34,"author":{"gitId":"Diachenko Maksym"},"content":"        return new Response(msg.getMessageId());"},{"lineNumber":35,"author":{"gitId":"Diachenko Maksym"},"content":"    }"},{"lineNumber":36,"author":{"gitId":"Diachenko Maksym"},"content":"}"}],"authorContributionMap":{"Diachenko Maksym":36}},{"path":"kmaooad-functions/src/main/java/edu/kmaooad/interfaces/IService.java","fileType":"java","lines":[{"lineNumber":1,"author":{"gitId":"Diachenko Maksym"},"content":"package edu.kmaooad.interfaces;"},{"lineNumber":2,"author":{"gitId":"Diachenko Maksym"},"content":""},{"lineNumber":3,"author":{"gitId":"Diachenko Maksym"},"content":"public interface IService\u003cT\u003e {"},{"lineNumber":4,"author":{"gitId":"Diachenko Maksym"},"content":""},{"lineNumber":5,"author":{"gitId":"Diachenko Maksym"},"content":"    public void saveMessage(T obj);"},{"lineNumber":6,"author":{"gitId":"Diachenko Maksym"},"content":"}"}],"authorContributionMap":{"Diachenko Maksym":6}},{"path":"kmaooad-functions/src/main/java/edu/kmaooad/model/Message.java","fileType":"java","lines":[{"lineNumber":1,"author":{"gitId":"Diachenko Maksym"},"content":"package edu.kmaooad.model;"},{"lineNumber":2,"author":{"gitId":"Diachenko Maksym"},"content":""},{"lineNumber":3,"author":{"gitId":"Diachenko Maksym"},"content":"import lombok.AllArgsConstructor;"},{"lineNumber":4,"author":{"gitId":"Diachenko Maksym"},"content":"import lombok.Data;"},{"lineNumber":5,"author":{"gitId":"Diachenko Maksym"},"content":"import lombok.NoArgsConstructor;"},{"lineNumber":6,"author":{"gitId":"Diachenko Maksym"},"content":"import org.springframework.data.mongodb.core.mapping.MongoId;"},{"lineNumber":7,"author":{"gitId":"Diachenko Maksym"},"content":""},{"lineNumber":8,"author":{"gitId":"Diachenko Maksym"},"content":"@Data"},{"lineNumber":9,"author":{"gitId":"Diachenko Maksym"},"content":"@AllArgsConstructor"},{"lineNumber":10,"author":{"gitId":"Diachenko Maksym"},"content":"@NoArgsConstructor"},{"lineNumber":11,"author":{"gitId":"Diachenko Maksym"},"content":"public class Message {"},{"lineNumber":12,"author":{"gitId":"Diachenko Maksym"},"content":""},{"lineNumber":13,"author":{"gitId":"Diachenko Maksym"},"content":"    private Long messageId;"},{"lineNumber":14,"author":{"gitId":"Diachenko Maksym"},"content":"    private String text;"},{"lineNumber":15,"author":{"gitId":"Diachenko Maksym"},"content":"}"}],"authorContributionMap":{"Diachenko Maksym":15}},{"path":"kmaooad-functions/src/main/java/edu/kmaooad/model/Response.java","fileType":"java","lines":[{"lineNumber":1,"author":{"gitId":"Diachenko Maksym"},"content":"package edu.kmaooad.model;"},{"lineNumber":2,"author":{"gitId":"Diachenko Maksym"},"content":""},{"lineNumber":3,"author":{"gitId":"Diachenko Maksym"},"content":"import lombok.AllArgsConstructor;"},{"lineNumber":4,"author":{"gitId":"Diachenko Maksym"},"content":"import lombok.Data;"},{"lineNumber":5,"author":{"gitId":"Diachenko Maksym"},"content":"import lombok.NoArgsConstructor;"},{"lineNumber":6,"author":{"gitId":"Diachenko Maksym"},"content":"@Data"},{"lineNumber":7,"author":{"gitId":"Diachenko Maksym"},"content":"public class Response {"},{"lineNumber":8,"author":{"gitId":"Diachenko Maksym"},"content":""},{"lineNumber":9,"author":{"gitId":"Diachenko Maksym"},"content":"    private boolean isOk;"},{"lineNumber":10,"author":{"gitId":"Diachenko Maksym"},"content":"    private Long messageId;"},{"lineNumber":11,"author":{"gitId":"Diachenko Maksym"},"content":"    private String errorMessage;"},{"lineNumber":12,"author":{"gitId":"Diachenko Maksym"},"content":""},{"lineNumber":13,"author":{"gitId":"Diachenko Maksym"},"content":"    /**"},{"lineNumber":14,"author":{"gitId":"Diachenko Maksym"},"content":"    Error constructor"},{"lineNumber":15,"author":{"gitId":"Diachenko Maksym"},"content":"     */"},{"lineNumber":16,"author":{"gitId":"Diachenko Maksym"},"content":"    public Response(String errorMessage){"},{"lineNumber":17,"author":{"gitId":"Diachenko Maksym"},"content":"      this.isOk\u003dfalse;"},{"lineNumber":18,"author":{"gitId":"Diachenko Maksym"},"content":"      this.errorMessage \u003d errorMessage;"},{"lineNumber":19,"author":{"gitId":"Diachenko Maksym"},"content":"    }"},{"lineNumber":20,"author":{"gitId":"Diachenko Maksym"},"content":"    /**"},{"lineNumber":21,"author":{"gitId":"Diachenko Maksym"},"content":"    Success constructor"},{"lineNumber":22,"author":{"gitId":"Diachenko Maksym"},"content":"     */"},{"lineNumber":23,"author":{"gitId":"Diachenko Maksym"},"content":"    public Response(Long messageId){"},{"lineNumber":24,"author":{"gitId":"Diachenko Maksym"},"content":"      this.isOk\u003dtrue;"},{"lineNumber":25,"author":{"gitId":"Diachenko Maksym"},"content":"      this.messageId \u003d messageId;"},{"lineNumber":26,"author":{"gitId":"Diachenko Maksym"},"content":"    }"},{"lineNumber":27,"author":{"gitId":"Diachenko Maksym"},"content":""},{"lineNumber":28,"author":{"gitId":"Diachenko Maksym"},"content":"    public String getResponse(){"},{"lineNumber":29,"author":{"gitId":"Diachenko Maksym"},"content":"        if(isOk) return messageId.toString();"},{"lineNumber":30,"author":{"gitId":"Diachenko Maksym"},"content":"        else return errorMessage;"},{"lineNumber":31,"author":{"gitId":"Diachenko Maksym"},"content":"    }"},{"lineNumber":32,"author":{"gitId":"Diachenko Maksym"},"content":""},{"lineNumber":33,"author":{"gitId":"Diachenko Maksym"},"content":"}"}],"authorContributionMap":{"Diachenko Maksym":33}},{"path":"kmaooad-functions/src/main/java/edu/kmaooad/repository/RequestRepository.java","fileType":"java","lines":[{"lineNumber":1,"author":{"gitId":"Diachenko Maksym"},"content":"package edu.kmaooad.repository;"},{"lineNumber":2,"author":{"gitId":"Diachenko Maksym"},"content":""},{"lineNumber":3,"author":{"gitId":"Diachenko Maksym"},"content":"import edu.kmaooad.model.Message;"},{"lineNumber":4,"author":{"gitId":"Diachenko Maksym"},"content":"import org.springframework.data.mongodb.repository.MongoRepository;"},{"lineNumber":5,"author":{"gitId":"Diachenko Maksym"},"content":"import org.springframework.stereotype.Repository;"},{"lineNumber":6,"author":{"gitId":"Diachenko Maksym"},"content":""},{"lineNumber":7,"author":{"gitId":"Diachenko Maksym"},"content":"@Repository"},{"lineNumber":8,"author":{"gitId":"Diachenko Maksym"},"content":"public interface RequestRepository extends MongoRepository\u003cMessage, String\u003e {"},{"lineNumber":9,"author":{"gitId":"Diachenko Maksym"},"content":""},{"lineNumber":10,"author":{"gitId":"Diachenko Maksym"},"content":"}"}],"authorContributionMap":{"Diachenko Maksym":10}},{"path":"kmaooad-functions/src/main/java/edu/kmaooad/service/RequestService.java","fileType":"java","lines":[{"lineNumber":1,"author":{"gitId":"Diachenko Maksym"},"content":"package edu.kmaooad.service;"},{"lineNumber":2,"author":{"gitId":"Diachenko Maksym"},"content":""},{"lineNumber":3,"author":{"gitId":"Diachenko Maksym"},"content":"import edu.kmaooad.interfaces.IService;"},{"lineNumber":4,"author":{"gitId":"Diachenko Maksym"},"content":"import edu.kmaooad.model.Message;"},{"lineNumber":5,"author":{"gitId":"Diachenko Maksym"},"content":"import edu.kmaooad.repository.RequestRepository;"},{"lineNumber":6,"author":{"gitId":"Diachenko Maksym"},"content":"import org.springframework.beans.factory.annotation.Autowired;"},{"lineNumber":7,"author":{"gitId":"Diachenko Maksym"},"content":"import org.springframework.stereotype.Service;"},{"lineNumber":8,"author":{"gitId":"Diachenko Maksym"},"content":""},{"lineNumber":9,"author":{"gitId":"Diachenko Maksym"},"content":"@Service"},{"lineNumber":10,"author":{"gitId":"Diachenko Maksym"},"content":"public class RequestService implements IService\u003cMessage\u003e {"},{"lineNumber":11,"author":{"gitId":"Diachenko Maksym"},"content":""},{"lineNumber":12,"author":{"gitId":"Diachenko Maksym"},"content":"    @Autowired"},{"lineNumber":13,"author":{"gitId":"Diachenko Maksym"},"content":"    RequestRepository reqRepo;"},{"lineNumber":14,"author":{"gitId":"Diachenko Maksym"},"content":""},{"lineNumber":15,"author":{"gitId":"Diachenko Maksym"},"content":"    public void saveMessage(Message msg) {"},{"lineNumber":16,"author":{"gitId":"Diachenko Maksym"},"content":"        reqRepo.save(msg);"},{"lineNumber":17,"author":{"gitId":"Diachenko Maksym"},"content":"    }"},{"lineNumber":18,"author":{"gitId":"Diachenko Maksym"},"content":"}"}],"authorContributionMap":{"Diachenko Maksym":18}},{"path":"kmaooad-functions/src/main/java/edu/kmaooad/utils/MessageParser.java","fileType":"java","lines":[{"lineNumber":1,"author":{"gitId":"Diachenko Maksym"},"content":"package edu.kmaooad.utils;"},{"lineNumber":2,"author":{"gitId":"Diachenko Maksym"},"content":""},{"lineNumber":3,"author":{"gitId":"Diachenko Maksym"},"content":"import edu.kmaooad.model.Message;"},{"lineNumber":4,"author":{"gitId":"Diachenko Maksym"},"content":"import lombok.experimental.UtilityClass;"},{"lineNumber":5,"author":{"gitId":"Diachenko Maksym"},"content":"import org.json.JSONObject;"},{"lineNumber":6,"author":{"gitId":"Diachenko Maksym"},"content":""},{"lineNumber":7,"author":{"gitId":"Diachenko Maksym"},"content":"@UtilityClass"},{"lineNumber":8,"author":{"gitId":"Diachenko Maksym"},"content":"public class MessageParser {"},{"lineNumber":9,"author":{"gitId":"Diachenko Maksym"},"content":""},{"lineNumber":10,"author":{"gitId":"Diachenko Maksym"},"content":"    public static Message parseJsonString(String bodyJson) throws org.json.JSONException {"},{"lineNumber":11,"author":{"gitId":"Diachenko Maksym"},"content":"        JSONObject obj \u003d new JSONObject(bodyJson);"},{"lineNumber":12,"author":{"gitId":"Diachenko Maksym"},"content":"        Long messageId \u003d obj.getJSONObject(\"message\").getLong(\"message_id\");"},{"lineNumber":13,"author":{"gitId":"Diachenko Maksym"},"content":"        String text \u003d obj.getJSONObject(\"message\").getString(\"text\");"},{"lineNumber":14,"author":{"gitId":"Diachenko Maksym"},"content":"        return new Message(messageId,text);"},{"lineNumber":15,"author":{"gitId":"Diachenko Maksym"},"content":"    }"},{"lineNumber":16,"author":{"gitId":"Diachenko Maksym"},"content":"}"}],"authorContributionMap":{"Diachenko Maksym":16}},{"path":"kmaooad-functions/src/main/resources/application.properties","fileType":"properties","lines":[{"lineNumber":1,"author":{"gitId":"Diachenko Maksym"},"content":"spring.data.mongodb.uri\u003dmongodb+srv://admin:0FuzYyhgLsJU6nS9@cluster0.1tup9.mongodb.net/?retryWrites\u003dtrue\u0026w\u003dmajority"},{"lineNumber":2,"author":{"gitId":"Diachenko Maksym"},"content":"spring.data.mongodb.database\u003dtest"},{"lineNumber":3,"author":{"gitId":"Diachenko Maksym"},"content":"spring.data.mongodb.collection\u003drequests"}],"authorContributionMap":{"Diachenko Maksym":3}},{"path":"kmaooad-functions/src/test/java/edu/kmaooad/FunctionTest.java","fileType":"java","lines":[{"lineNumber":1,"author":{"gitId":"github-classroom[bot]"},"content":"package edu.kmaooad;"},{"lineNumber":2,"author":{"gitId":"github-classroom[bot]"},"content":""},{"lineNumber":3,"author":{"gitId":"Diachenko Maksym"},"content":"import com.microsoft.azure.functions.ExecutionContext;"},{"lineNumber":4,"author":{"gitId":"Diachenko Maksym"},"content":"import com.microsoft.azure.functions.HttpRequestMessage;"},{"lineNumber":5,"author":{"gitId":"Diachenko Maksym"},"content":"import com.microsoft.azure.functions.HttpResponseMessage;"},{"lineNumber":6,"author":{"gitId":"Diachenko Maksym"},"content":"import com.microsoft.azure.functions.HttpStatus;"},{"lineNumber":7,"author":{"gitId":"Diachenko Maksym"},"content":"import edu.kmaooad.handlers.RequestHandler;"},{"lineNumber":8,"author":{"gitId":"Diachenko Maksym"},"content":"import edu.kmaooad.service.RequestService;"},{"lineNumber":9,"author":{"gitId":"Diachenko Maksym"},"content":"import org.junit.jupiter.api.Test;"},{"lineNumber":10,"author":{"gitId":"github-classroom[bot]"},"content":"import org.mockito.stubbing.Answer;"},{"lineNumber":11,"author":{"gitId":"Diachenko Maksym"},"content":"import org.springframework.beans.factory.annotation.Autowired;"},{"lineNumber":12,"author":{"gitId":"Diachenko Maksym"},"content":"import org.springframework.boot.test.context.SpringBootTest;"},{"lineNumber":13,"author":{"gitId":"Diachenko Maksym"},"content":"import org.springframework.boot.test.context.TestConfiguration;"},{"lineNumber":14,"author":{"gitId":"Diachenko Maksym"},"content":"import org.springframework.context.ApplicationContext;"},{"lineNumber":15,"author":{"gitId":"Diachenko Maksym"},"content":"import org.springframework.context.annotation.Bean;"},{"lineNumber":16,"author":{"gitId":"Diachenko Maksym"},"content":"import org.springframework.context.annotation.Primary;"},{"lineNumber":17,"author":{"gitId":"github-classroom[bot]"},"content":""},{"lineNumber":18,"author":{"gitId":"Diachenko Maksym"},"content":"import java.util.Optional;"},{"lineNumber":19,"author":{"gitId":"github-classroom[bot]"},"content":"import java.util.logging.Logger;"},{"lineNumber":20,"author":{"gitId":"github-classroom[bot]"},"content":""},{"lineNumber":21,"author":{"gitId":"Diachenko Maksym"},"content":"import static org.junit.jupiter.api.Assertions.assertEquals;"},{"lineNumber":22,"author":{"gitId":"Diachenko Maksym"},"content":"import static org.junit.jupiter.api.Assertions.assertNotNull;"},{"lineNumber":23,"author":{"gitId":"Diachenko Maksym"},"content":"import static org.mockito.ArgumentMatchers.any;"},{"lineNumber":24,"author":{"gitId":"github-classroom[bot]"},"content":"import static org.mockito.Mockito.*;"},{"lineNumber":25,"author":{"gitId":"github-classroom[bot]"},"content":""},{"lineNumber":26,"author":{"gitId":"Diachenko Maksym"},"content":"@SpringBootTest"},{"lineNumber":27,"author":{"gitId":"github-classroom[bot]"},"content":"public class FunctionTest {"},{"lineNumber":28,"author":{"gitId":"Diachenko Maksym"},"content":""},{"lineNumber":29,"author":{"gitId":"Diachenko Maksym"},"content":"    private String INVALID_JSON_MSG \u003d \"Invalid JSON structure in body.\";"},{"lineNumber":30,"author":{"gitId":"Diachenko Maksym"},"content":"    private String NO_BODY_MSG \u003d \"This message does not contain body.\";"},{"lineNumber":31,"author":{"gitId":"Diachenko Maksym"},"content":"    private String TELEGRAM_BOT_MSG \u003d \"{\\n\" +"},{"lineNumber":32,"author":{"gitId":"Diachenko Maksym"},"content":"            \"    \\\"update_id\\\": 822482379,\\n\" +"},{"lineNumber":33,"author":{"gitId":"Diachenko Maksym"},"content":"            \"    \\\"message\\\": {\\n\" +"},{"lineNumber":34,"author":{"gitId":"Diachenko Maksym"},"content":"            \"        \\\"message_id\\\": 1686930,\\n\" +"},{"lineNumber":35,"author":{"gitId":"Diachenko Maksym"},"content":"            \"        \\\"from\\\": {\\n\" +"},{"lineNumber":36,"author":{"gitId":"Diachenko Maksym"},"content":"            \"            \\\"id\\\": 410683229,\\n\" +"},{"lineNumber":37,"author":{"gitId":"Diachenko Maksym"},"content":"            \"            \\\"is_bot\\\": false,\\n\" +"},{"lineNumber":38,"author":{"gitId":"Diachenko Maksym"},"content":"            \"            \\\"first_name\\\": \\\"\\\\u043c\\\\u0430\\\\u043a\\\\u0441\\\\u0438\\\\u043c\\\",\\n\" +"},{"lineNumber":39,"author":{"gitId":"Diachenko Maksym"},"content":"            \"            \\\"username\\\": \\\"kreweduvieux\\\",\\n\" +"},{"lineNumber":40,"author":{"gitId":"Diachenko Maksym"},"content":"            \"            \\\"language_code\\\": \\\"en\\\"\\n\" +"},{"lineNumber":41,"author":{"gitId":"Diachenko Maksym"},"content":"            \"        },\\n\" +"},{"lineNumber":42,"author":{"gitId":"Diachenko Maksym"},"content":"            \"        \\\"chat\\\": {\\n\" +"},{"lineNumber":43,"author":{"gitId":"Diachenko Maksym"},"content":"            \"            \\\"id\\\": 410683229,\\n\" +"},{"lineNumber":44,"author":{"gitId":"Diachenko Maksym"},"content":"            \"            \\\"first_name\\\": \\\"\\\\u043c\\\\u0430\\\\u043a\\\\u0441\\\\u0438\\\\u043c\\\",\\n\" +"},{"lineNumber":45,"author":{"gitId":"Diachenko Maksym"},"content":"            \"            \\\"username\\\": \\\"kreweduvieux\\\",\\n\" +"},{"lineNumber":46,"author":{"gitId":"Diachenko Maksym"},"content":"            \"            \\\"type\\\": \\\"private\\\"\\n\" +"},{"lineNumber":47,"author":{"gitId":"Diachenko Maksym"},"content":"            \"        },\\n\" +"},{"lineNumber":48,"author":{"gitId":"Diachenko Maksym"},"content":"            \"        \\\"date\\\": 1667853390,\\n\" +"},{"lineNumber":49,"author":{"gitId":"Diachenko Maksym"},"content":"            \"        \\\"text\\\": \\\";\\\"\\n\" +"},{"lineNumber":50,"author":{"gitId":"Diachenko Maksym"},"content":"            \"    }\\n\" +"},{"lineNumber":51,"author":{"gitId":"Diachenko Maksym"},"content":"            \"}\";"},{"lineNumber":52,"author":{"gitId":"github-classroom[bot]"},"content":"    /**"},{"lineNumber":53,"author":{"gitId":"Diachenko Maksym"},"content":"     * Request imitation"},{"lineNumber":54,"author":{"gitId":"github-classroom[bot]"},"content":"     */"},{"lineNumber":55,"author":{"gitId":"Diachenko Maksym"},"content":"    private HttpRequestMessage\u003cOptional\u003cString\u003e\u003e mockRequest(Optional\u003cString\u003e queryBody) {"},{"lineNumber":56,"author":{"gitId":"github-classroom[bot]"},"content":"        // Setup"},{"lineNumber":57,"author":{"gitId":"github-classroom[bot]"},"content":"        @SuppressWarnings(\"unchecked\")"},{"lineNumber":58,"author":{"gitId":"github-classroom[bot]"},"content":"        final HttpRequestMessage\u003cOptional\u003cString\u003e\u003e req \u003d mock(HttpRequestMessage.class);"},{"lineNumber":59,"author":{"gitId":"github-classroom[bot]"},"content":""},{"lineNumber":60,"author":{"gitId":"github-classroom[bot]"},"content":"        doReturn(queryBody).when(req).getBody();"},{"lineNumber":61,"author":{"gitId":"github-classroom[bot]"},"content":""},{"lineNumber":62,"author":{"gitId":"Diachenko Maksym"},"content":"        doAnswer((Answer\u003cHttpResponseMessage.Builder\u003e) invocation -\u003e {"},{"lineNumber":63,"author":{"gitId":"github-classroom[bot]"},"content":"            HttpStatus status \u003d (HttpStatus) invocation.getArguments()[0];"},{"lineNumber":64,"author":{"gitId":"github-classroom[bot]"},"content":"            return new HttpResponseMessageMock.HttpResponseMessageBuilderMock().status(status);"},{"lineNumber":65,"author":{"gitId":"github-classroom[bot]"},"content":"        }).when(req).createResponseBuilder(any(HttpStatus.class));"},{"lineNumber":66,"author":{"gitId":"github-classroom[bot]"},"content":""},{"lineNumber":67,"author":{"gitId":"Diachenko Maksym"},"content":"        return req;"},{"lineNumber":68,"author":{"gitId":"Diachenko Maksym"},"content":"    }"},{"lineNumber":69,"author":{"gitId":"Diachenko Maksym"},"content":""},{"lineNumber":70,"author":{"gitId":"Diachenko Maksym"},"content":"    @TestConfiguration"},{"lineNumber":71,"author":{"gitId":"Diachenko Maksym"},"content":"    static class TestConfig {"},{"lineNumber":72,"author":{"gitId":"Diachenko Maksym"},"content":""},{"lineNumber":73,"author":{"gitId":"Diachenko Maksym"},"content":"        @Bean"},{"lineNumber":74,"author":{"gitId":"Diachenko Maksym"},"content":"        @Primary"},{"lineNumber":75,"author":{"gitId":"Diachenko Maksym"},"content":"        public RequestService getMessageService() {"},{"lineNumber":76,"author":{"gitId":"Diachenko Maksym"},"content":"            RequestService service \u003d mock(RequestService.class);"},{"lineNumber":77,"author":{"gitId":"Diachenko Maksym"},"content":"            return service;"},{"lineNumber":78,"author":{"gitId":"Diachenko Maksym"},"content":"        }"},{"lineNumber":79,"author":{"gitId":"Diachenko Maksym"},"content":"    }"},{"lineNumber":80,"author":{"gitId":"Diachenko Maksym"},"content":""},{"lineNumber":81,"author":{"gitId":"Diachenko Maksym"},"content":"    private TelegramWebhook getHandler() {"},{"lineNumber":82,"author":{"gitId":"Diachenko Maksym"},"content":"        TelegramWebhook handler \u003d spy(TelegramWebhook.class);"},{"lineNumber":83,"author":{"gitId":"Diachenko Maksym"},"content":"        doAnswer("},{"lineNumber":84,"author":{"gitId":"Diachenko Maksym"},"content":"                invocationOnMock -\u003e applicationContext"},{"lineNumber":85,"author":{"gitId":"Diachenko Maksym"},"content":"                        .getBean(RequestHandler.class)"},{"lineNumber":86,"author":{"gitId":"Diachenko Maksym"},"content":"                        .apply(invocationOnMock.getArgument(0))"},{"lineNumber":87,"author":{"gitId":"Diachenko Maksym"},"content":"        )"},{"lineNumber":88,"author":{"gitId":"Diachenko Maksym"},"content":"                .when(handler)"},{"lineNumber":89,"author":{"gitId":"Diachenko Maksym"},"content":"                .handleRequest(any(Optional.class), any(ExecutionContext.class));"},{"lineNumber":90,"author":{"gitId":"Diachenko Maksym"},"content":"        return handler;"},{"lineNumber":91,"author":{"gitId":"Diachenko Maksym"},"content":"    }"},{"lineNumber":92,"author":{"gitId":"Diachenko Maksym"},"content":""},{"lineNumber":93,"author":{"gitId":"Diachenko Maksym"},"content":"    @Autowired"},{"lineNumber":94,"author":{"gitId":"Diachenko Maksym"},"content":"    private ApplicationContext applicationContext;"},{"lineNumber":95,"author":{"gitId":"Diachenko Maksym"},"content":""},{"lineNumber":96,"author":{"gitId":"Diachenko Maksym"},"content":""},{"lineNumber":97,"author":{"gitId":"Diachenko Maksym"},"content":"    private ExecutionContext mockContext() {"},{"lineNumber":98,"author":{"gitId":"Diachenko Maksym"},"content":"        // Setup"},{"lineNumber":99,"author":{"gitId":"Diachenko Maksym"},"content":"        ExecutionContext contextMock \u003d mock(ExecutionContext.class);"},{"lineNumber":100,"author":{"gitId":"Diachenko Maksym"},"content":"        when(contextMock.getLogger()).thenReturn(Logger.getGlobal());"},{"lineNumber":101,"author":{"gitId":"Diachenko Maksym"},"content":"        return contextMock;"},{"lineNumber":102,"author":{"gitId":"Diachenko Maksym"},"content":"    }"},{"lineNumber":103,"author":{"gitId":"github-classroom[bot]"},"content":""},{"lineNumber":104,"author":{"gitId":"Diachenko Maksym"},"content":"    @Test"},{"lineNumber":105,"author":{"gitId":"Diachenko Maksym"},"content":"    public void testEmptyBody() {"},{"lineNumber":106,"author":{"gitId":"Diachenko Maksym"},"content":"        // Invoke"},{"lineNumber":107,"author":{"gitId":"Diachenko Maksym"},"content":"        final HttpResponseMessage ret \u003d getHandler().run(mockRequest(Optional.empty()) , mockContext());"},{"lineNumber":108,"author":{"gitId":"Diachenko Maksym"},"content":"        // Verify"},{"lineNumber":109,"author":{"gitId":"Diachenko Maksym"},"content":"        assertEquals(HttpStatus.BAD_REQUEST, ret.getStatus());"},{"lineNumber":110,"author":{"gitId":"Diachenko Maksym"},"content":"        assertEquals(ret.getBody(),NO_BODY_MSG);"},{"lineNumber":111,"author":{"gitId":"Diachenko Maksym"},"content":"    }"},{"lineNumber":112,"author":{"gitId":"github-classroom[bot]"},"content":""},{"lineNumber":113,"author":{"gitId":"Diachenko Maksym"},"content":"    @Test"},{"lineNumber":114,"author":{"gitId":"Diachenko Maksym"},"content":"    public void testInvalidBody() {"},{"lineNumber":115,"author":{"gitId":"Diachenko Maksym"},"content":"        // Invoke"},{"lineNumber":116,"author":{"gitId":"Diachenko Maksym"},"content":"        final HttpResponseMessage ret \u003d getHandler().run(mockRequest(Optional.of(\"Not JSON\")) , mockContext());"},{"lineNumber":117,"author":{"gitId":"github-classroom[bot]"},"content":"        // Verify"},{"lineNumber":118,"author":{"gitId":"Diachenko Maksym"},"content":"        assertEquals(HttpStatus.BAD_REQUEST, ret.getStatus());"},{"lineNumber":119,"author":{"gitId":"Diachenko Maksym"},"content":"        assertEquals(ret.getBody(),INVALID_JSON_MSG);"},{"lineNumber":120,"author":{"gitId":"github-classroom[bot]"},"content":"    }"},{"lineNumber":121,"author":{"gitId":"Diachenko Maksym"},"content":""},{"lineNumber":122,"author":{"gitId":"Diachenko Maksym"},"content":"    @Test"},{"lineNumber":123,"author":{"gitId":"Diachenko Maksym"},"content":"    public void testMessage() {"},{"lineNumber":124,"author":{"gitId":"Diachenko Maksym"},"content":"        // Invoke"},{"lineNumber":125,"author":{"gitId":"Diachenko Maksym"},"content":"        final HttpResponseMessage ret \u003d getHandler().run(mockRequest(Optional.of(TELEGRAM_BOT_MSG)) , mockContext());"},{"lineNumber":126,"author":{"gitId":"Diachenko Maksym"},"content":"        // Verify"},{"lineNumber":127,"author":{"gitId":"Diachenko Maksym"},"content":"        assertEquals(HttpStatus.OK, ret.getStatus());"},{"lineNumber":128,"author":{"gitId":"Diachenko Maksym"},"content":"        assertNotNull(ret.getBody());"},{"lineNumber":129,"author":{"gitId":"Diachenko Maksym"},"content":"    }"},{"lineNumber":130,"author":{"gitId":"Diachenko Maksym"},"content":""},{"lineNumber":131,"author":{"gitId":"github-classroom[bot]"},"content":"}"}],"authorContributionMap":{"Diachenko Maksym":105,"github-classroom[bot]":26}},{"path":"kmaooad-functions/src/test/java/edu/kmaooad/HttpResponseMessageMock.java","fileType":"java","lines":[{"lineNumber":1,"author":{"gitId":"github-classroom[bot]"},"content":"package edu.kmaooad;"},{"lineNumber":2,"author":{"gitId":"github-classroom[bot]"},"content":""},{"lineNumber":3,"author":{"gitId":"github-classroom[bot]"},"content":"import com.microsoft.azure.functions.*;"},{"lineNumber":4,"author":{"gitId":"github-classroom[bot]"},"content":""},{"lineNumber":5,"author":{"gitId":"github-classroom[bot]"},"content":"import java.util.Map;"},{"lineNumber":6,"author":{"gitId":"github-classroom[bot]"},"content":"import java.util.HashMap;"},{"lineNumber":7,"author":{"gitId":"github-classroom[bot]"},"content":""},{"lineNumber":8,"author":{"gitId":"github-classroom[bot]"},"content":"/**"},{"lineNumber":9,"author":{"gitId":"github-classroom[bot]"},"content":" * The mock for HttpResponseMessage, can be used in unit tests to verify if the"},{"lineNumber":10,"author":{"gitId":"github-classroom[bot]"},"content":" * returned response by HTTP trigger function is correct or not."},{"lineNumber":11,"author":{"gitId":"github-classroom[bot]"},"content":" */"},{"lineNumber":12,"author":{"gitId":"github-classroom[bot]"},"content":"public class HttpResponseMessageMock implements HttpResponseMessage {"},{"lineNumber":13,"author":{"gitId":"github-classroom[bot]"},"content":"    private int httpStatusCode;"},{"lineNumber":14,"author":{"gitId":"github-classroom[bot]"},"content":"    private HttpStatusType httpStatus;"},{"lineNumber":15,"author":{"gitId":"github-classroom[bot]"},"content":"    private Object body;"},{"lineNumber":16,"author":{"gitId":"github-classroom[bot]"},"content":"    private Map\u003cString, String\u003e headers;"},{"lineNumber":17,"author":{"gitId":"github-classroom[bot]"},"content":""},{"lineNumber":18,"author":{"gitId":"github-classroom[bot]"},"content":"    public HttpResponseMessageMock(HttpStatusType status, Map\u003cString, String\u003e headers, Object body) {"},{"lineNumber":19,"author":{"gitId":"github-classroom[bot]"},"content":"        this.httpStatus \u003d status;"},{"lineNumber":20,"author":{"gitId":"github-classroom[bot]"},"content":"        this.httpStatusCode \u003d status.value();"},{"lineNumber":21,"author":{"gitId":"github-classroom[bot]"},"content":"        this.headers \u003d headers;"},{"lineNumber":22,"author":{"gitId":"github-classroom[bot]"},"content":"        this.body \u003d body;"},{"lineNumber":23,"author":{"gitId":"github-classroom[bot]"},"content":"    }"},{"lineNumber":24,"author":{"gitId":"github-classroom[bot]"},"content":""},{"lineNumber":25,"author":{"gitId":"github-classroom[bot]"},"content":"    @Override"},{"lineNumber":26,"author":{"gitId":"github-classroom[bot]"},"content":"    public HttpStatusType getStatus() {"},{"lineNumber":27,"author":{"gitId":"github-classroom[bot]"},"content":"        return this.httpStatus;"},{"lineNumber":28,"author":{"gitId":"github-classroom[bot]"},"content":"    }"},{"lineNumber":29,"author":{"gitId":"github-classroom[bot]"},"content":""},{"lineNumber":30,"author":{"gitId":"github-classroom[bot]"},"content":"    @Override"},{"lineNumber":31,"author":{"gitId":"github-classroom[bot]"},"content":"    public int getStatusCode() {"},{"lineNumber":32,"author":{"gitId":"github-classroom[bot]"},"content":"        return httpStatusCode;"},{"lineNumber":33,"author":{"gitId":"github-classroom[bot]"},"content":"    }"},{"lineNumber":34,"author":{"gitId":"github-classroom[bot]"},"content":""},{"lineNumber":35,"author":{"gitId":"github-classroom[bot]"},"content":"    @Override"},{"lineNumber":36,"author":{"gitId":"github-classroom[bot]"},"content":"    public String getHeader(String key) {"},{"lineNumber":37,"author":{"gitId":"github-classroom[bot]"},"content":"        return this.headers.get(key);"},{"lineNumber":38,"author":{"gitId":"github-classroom[bot]"},"content":"    }"},{"lineNumber":39,"author":{"gitId":"github-classroom[bot]"},"content":""},{"lineNumber":40,"author":{"gitId":"github-classroom[bot]"},"content":"    @Override"},{"lineNumber":41,"author":{"gitId":"github-classroom[bot]"},"content":"    public Object getBody() {"},{"lineNumber":42,"author":{"gitId":"github-classroom[bot]"},"content":"        return this.body;"},{"lineNumber":43,"author":{"gitId":"github-classroom[bot]"},"content":"    }"},{"lineNumber":44,"author":{"gitId":"github-classroom[bot]"},"content":""},{"lineNumber":45,"author":{"gitId":"github-classroom[bot]"},"content":"    public static class HttpResponseMessageBuilderMock implements HttpResponseMessage.Builder {"},{"lineNumber":46,"author":{"gitId":"github-classroom[bot]"},"content":"        private Object body;"},{"lineNumber":47,"author":{"gitId":"github-classroom[bot]"},"content":"        private int httpStatusCode;"},{"lineNumber":48,"author":{"gitId":"github-classroom[bot]"},"content":"        private Map\u003cString, String\u003e headers \u003d new HashMap\u003c\u003e();"},{"lineNumber":49,"author":{"gitId":"github-classroom[bot]"},"content":"        private HttpStatusType httpStatus;"},{"lineNumber":50,"author":{"gitId":"github-classroom[bot]"},"content":""},{"lineNumber":51,"author":{"gitId":"github-classroom[bot]"},"content":"        public Builder status(HttpStatus status) {"},{"lineNumber":52,"author":{"gitId":"github-classroom[bot]"},"content":"            this.httpStatusCode \u003d status.value();"},{"lineNumber":53,"author":{"gitId":"github-classroom[bot]"},"content":"            this.httpStatus \u003d status;"},{"lineNumber":54,"author":{"gitId":"github-classroom[bot]"},"content":"            return this;"},{"lineNumber":55,"author":{"gitId":"github-classroom[bot]"},"content":"        }"},{"lineNumber":56,"author":{"gitId":"github-classroom[bot]"},"content":""},{"lineNumber":57,"author":{"gitId":"github-classroom[bot]"},"content":"        @Override"},{"lineNumber":58,"author":{"gitId":"github-classroom[bot]"},"content":"        public Builder status(HttpStatusType httpStatusType) {"},{"lineNumber":59,"author":{"gitId":"github-classroom[bot]"},"content":"            this.httpStatusCode \u003d httpStatusType.value();"},{"lineNumber":60,"author":{"gitId":"github-classroom[bot]"},"content":"            this.httpStatus \u003d httpStatusType;"},{"lineNumber":61,"author":{"gitId":"github-classroom[bot]"},"content":"            return this;"},{"lineNumber":62,"author":{"gitId":"github-classroom[bot]"},"content":"        }"},{"lineNumber":63,"author":{"gitId":"github-classroom[bot]"},"content":""},{"lineNumber":64,"author":{"gitId":"github-classroom[bot]"},"content":"        @Override"},{"lineNumber":65,"author":{"gitId":"github-classroom[bot]"},"content":"        public HttpResponseMessage.Builder header(String key, String value) {"},{"lineNumber":66,"author":{"gitId":"github-classroom[bot]"},"content":"            this.headers.put(key, value);"},{"lineNumber":67,"author":{"gitId":"github-classroom[bot]"},"content":"            return this;"},{"lineNumber":68,"author":{"gitId":"github-classroom[bot]"},"content":"        }"},{"lineNumber":69,"author":{"gitId":"github-classroom[bot]"},"content":""},{"lineNumber":70,"author":{"gitId":"github-classroom[bot]"},"content":"        @Override"},{"lineNumber":71,"author":{"gitId":"github-classroom[bot]"},"content":"        public HttpResponseMessage.Builder body(Object body) {"},{"lineNumber":72,"author":{"gitId":"github-classroom[bot]"},"content":"            this.body \u003d body;"},{"lineNumber":73,"author":{"gitId":"github-classroom[bot]"},"content":"            return this;"},{"lineNumber":74,"author":{"gitId":"github-classroom[bot]"},"content":"        }"},{"lineNumber":75,"author":{"gitId":"github-classroom[bot]"},"content":""},{"lineNumber":76,"author":{"gitId":"github-classroom[bot]"},"content":"        @Override"},{"lineNumber":77,"author":{"gitId":"github-classroom[bot]"},"content":"        public HttpResponseMessage build() {"},{"lineNumber":78,"author":{"gitId":"github-classroom[bot]"},"content":"            return new HttpResponseMessageMock(this.httpStatus, this.headers, this.body);"},{"lineNumber":79,"author":{"gitId":"github-classroom[bot]"},"content":"        }"},{"lineNumber":80,"author":{"gitId":"github-classroom[bot]"},"content":"    }"},{"lineNumber":81,"author":{"gitId":"github-classroom[bot]"},"content":"}"}],"authorContributionMap":{"github-classroom[bot]":81}}]
