{"authorDailyContributionsMap":{"Diachenko Maksym":[{"date":"2022-10-04","commitResults":[{"hash":"67b557da2d46b3888fb79320712f24a650570811","messageTitle":"Task 1","messageBody":"","fileTypesAndContributionMap":{"java":{"insertions":7,"deletions":3},"gitignore":{"insertions":4,"deletions":1},"xml":{"insertions":279,"deletions":1},"iml":{"insertions":9,"deletions":0}}}]},{"date":"2022-10-12","commitResults":[{"hash":"2907d7459e639a19af159af919394b32c6c35cf5","messageTitle":"FIX FUNCTION TO PASS TESTS","messageBody":"Updated the /api/TelegramWebhook function so it could pass tests\n","fileTypesAndContributionMap":{"java":{"insertions":11,"deletions":7}}}]},{"date":"2022-11-07","commitResults":[{"hash":"c3b2e19e51377fed26c63bcecdb7af88cc7589aa","messageTitle":"Save Messages to MongoDB","messageBody":"Added mvn library, allowing to save the messages to the database\n","fileTypesAndContributionMap":{"java":{"insertions":24,"deletions":4},"xml":{"insertions":39,"deletions":0}}},{"hash":"f16707b5bfec3ed0cba46a8d4bfb33c2ec5312a0","messageTitle":"Modified Tests","messageBody":"","fileTypesAndContributionMap":{"java":{"insertions":112,"deletions":26},"xml":{"insertions":227,"deletions":0}}}]},{"date":"2022-11-12","commitResults":[{"hash":"79ae8de7a529b77696972d7930de2c945c23205c","messageTitle":"Added Spring Cloud","messageBody":"","fileTypesAndContributionMap":{"java":{"insertions":232,"deletions":128},"xml":{"insertions":1101,"deletions":78},"properties":{"insertions":3,"deletions":0}}},{"hash":"9e5bf16a5aeff522ba42178ff43e0564cb461709","messageTitle":"Fix: Empty Body Test","messageBody":"","fileTypesAndContributionMap":{"java":{"insertions":16,"deletions":15}}}]},{"date":"2022-11-16","commitResults":[{"hash":"9940d5a5adac4d059ce6e6482ee46f05a87b2b9e","messageTitle":"Delete .idea directory","messageBody":"","fileTypesAndContributionMap":{"gitignore":{"insertions":0,"deletions":3},"xml":{"insertions":0,"deletions":1495},"iml":{"insertions":0,"deletions":9}}},{"hash":"cb42a473d6b2e3f5ec7ec6fa915b05592f426b27","messageTitle":"Minor Fixes \u0026 Improvements","messageBody":"","fileTypesAndContributionMap":{"java":{"insertions":18,"deletions":6}}}]}],"vichnyi-myzuka":[],"Anton Shabinskiy":[{"date":"2022-10-03","commitResults":[{"hash":"59ff8368d041e2c10effddce6222f8cd18a46421","messageTitle":"Add or update the Azure App Service build and deployment workflow config","messageBody":"","fileTypesAndContributionMap":{"yml":{"insertions":43,"deletions":0}}},{"hash":"8f4bc4ac50bd6888bce5c564bb00a321f185fbe7","messageTitle":"Update master_kmaooad-kmavun.yml","messageBody":"","fileTypesAndContributionMap":{"yml":{"insertions":1,"deletions":1}}}]},{"date":"2022-10-14","commitResults":[{"hash":"d28469a3c513182d54cf9ad22a4dd7c8b281dd39","messageTitle":"Setup CI","messageBody":"","fileTypesAndContributionMap":{"xml":{"insertions":28,"deletions":0},"yml":{"insertions":86,"deletions":43}}}]},{"date":"2022-10-16","commitResults":[{"hash":"08148e2e3c0892496954513dccd78917b0df2af9","messageTitle":"Rename deployment workflow [skip ci]","messageBody":"","fileTypesAndContributionMap":{"yml":{"insertions":1,"deletions":1}}}]}],"github-classroom[bot]":[{"date":"2022-10-03","commitResults":[{"hash":"4b2c86768f8823de41eba938de7365e9d03b8c65","messageTitle":"Initial commit","messageBody":"","fileTypesAndContributionMap":{"java":{"insertions":170,"deletions":0},"gitignore":{"insertions":39,"deletions":0},"xml":{"insertions":110,"deletions":0},"json":{"insertions":7,"deletions":0},"LICENSE":{"insertions":21,"deletions":0}}},{"hash":"544fa2ec9f1ad6ef3820221f9904f2c173c35051","messageTitle":"Add online IDE url","messageBody":"","fileTypesAndContributionMap":{"md":{"insertions":1,"deletions":0}}}]}]},"authorFileTypeContributionMap":{"Diachenko Maksym":{"xml":75,"java":294,"properties":3},"vichnyi-myzuka":{},"Anton Shabinskiy":{"yml":86,"xml":28},"github-classroom[bot]":{"LICENSE":21,"md":1,"gitignore":39,"json":7,"xml":107,"java":107}},"authorContributionVariance":{"Diachenko Maksym":63692.91,"vichnyi-myzuka":0.0,"Anton Shabinskiy":339.44867,"github-classroom[bot]":1552.3514},"authorDisplayNameMap":{"Diachenko Maksym":"Diachenko Maksym","vichnyi-myzuka":"vichnyi-myzuka","Anton Shabinskiy":"Anton Shabinskiy","github-classroom[bot]":"github-classroom[bot]"}}
